,LICENSED_CERTIFIED,FLAG,T18_19,FACID,FAC_STATUS_TYPE_CODE,ASPEN_FACID,CCN,TERMINAT_SW,PARTICIPATION_DATE,APPROVAL_DATE,NPI,CAN_BE_DEEMED_FAC_TYPE,CAN_BE_CERTIFIED_FAC_TYPE,DEEMED,AO_CD,DMG_EFCTV_DT,AO_TRMNTN_DT,AO_NAME,FACNAME,FAC_TYPE_CODE,FAC_FDR,LTC,CAPACITY,ADDRESS,CITY,ZIP,ZIP9,FACADMIN,CONTACT_EMAIL,CONTACT_FAX,CONTACT_PHONE_NUMBER,COUNTY_CODE,COUNTY_NAME,DISTRICT_NUMBER,DISTRICT_NAME,ISFACMAIN,PARENT_FACID,FAC_FAC_RELATIONSHIP_TYPE_CODE,START_DATE,LICENSE_NUMBER,BUSINESS_NAME,LICENSE_STATUS_DESCRIPTION,INITIAL_LICENSE_DATE,LICENSE_EFFECTIVE_DATE,LICENSE_EXPIRATION_DATE,ENTITY_TYPE_DESCRIPTION,LATITUDE,LONGITUDE,LOCATION,OSHPD_ID,CCLHO_CODE,CCLHO_NAME,FIPS_COUNTY_CODE,BIRTHING_FACILITY_FLAG,TRAUMA_PED_CTR,TRAUMA_CTR,TYPE_OF_CARE,CRITICAL_ACCESS_HOSPITAL,DATA_DATE,primary_care,nursing,pediatric,mental_health
291,LICENSED AND CERTIFIED,USE PARENT MATCH,,30000301,OPEN,CA030000146,050127,,1-Jul-66,13-Aug-19,1922116037,Y,Y,1.0,1.0,4/13/19 0:00,,JC,WOODLAND MEMORIAL HOSPITAL D/P APH,APH,ACUTE PSYCHIATRIC HOSPITAL,NON-LTC,31,1325 COTTONWOOD STREET,WOODLAND,95695,5131,,,,(530) 999-9999,670,YOLO,3,SACRAMENTO,N,30000146.0,DISTINCT PART,29-Mar-67,30000115.0,DIGNITY COMMUNITY CARE,ACTIVE,29-Mar-67,30-Nov-21,29-Nov-22,NONPROFIT CORP,38.664036,-121.792122,"(-121.792122,38.664036)",,57,YOLO,6113,,,,,,15-Mar-22,False,False,False,True
292,LICENSED AND CERTIFIED,,,30000320,OPEN,CA030000320,054087,,17-Nov-86,30-Apr-18,1528066685,Y,Y,1.0,1.0,5/28/16 0:00,,JC,"SIERRA VISTA HOSPITAL, INC.",APH,ACUTE PSYCHIATRIC HOSPITAL,NON-LTC,171,8001 BRUCEVILLE ROAD,SACRAMENTO,95823,2329,"ZAUNER, JOHN (MIKE) M",TAMI.BROOKS@UHSINC.COM,(916) 689-5517,(916) 288-0325,440,SACRAMENTO,3,SACRAMENTO,Y,,PARENT,,30000290.0,"BHC SIERRA VISTA HOSPITAL, INC.",ACTIVE,19-Oct-86,1-Dec-21,30-Nov-22,PROFIT CORP,38.4669,-121.417101,"(-121.417101,38.4669)",106342392.0,34,SACRAMENTO,6067,,,,,,15-Mar-22,False,False,False,True
307,LICENSED AND CERTIFIED,,,30000796,OPEN,CA030000796,054096,,28-Jun-88,7-Oct-20,1952350944,Y,Y,1.0,1.0,2/15/19 0:00,,JC,SUTTER CENTER FOR PSYCHIATRY,APH,ACUTE PSYCHIATRIC HOSPITAL,NON-LTC,73,7700 FOLSOM BLVD,SACRAMENTO,95826,2608,"HAILS, ROBERT",MCGUIRA@SUTTERHEALTH.ORG,(916) 386-3050,(916) 386-3000,440,SACRAMENTO,3,SACRAMENTO,Y,,PARENT,,30000347.0,SUTTER VALLEY HOSPITALS,ACTIVE,,31-May-21,30-May-22,NONPROFIT CORP,38.549844,-121.4145135,"(-121.4145135,38.549844)",106344017.0,34,SACRAMENTO,6067,,,,,,15-Mar-22,False,False,False,True
310,LICENSED AND CERTIFIED,,,30000822,OPEN,CA030000822,054104,,13-Jan-89,26-Jun-19,1083709653,Y,Y,1.0,1.0,2/22/19 0:00,,JC,HERITAGE OAKS HOSPITAL,APH,ACUTE PSYCHIATRIC HOSPITAL,NON-LTC,125,4250 AUBURN BOULEVARD,SACRAMENTO,95841,4100,"ZAUNER, JOHN (MIKE) M",DANIEL.SAUVE@UHSINC.COM,(916) 488-2954,(916) 480-5106,440,SACRAMENTO,3,SACRAMENTO,Y,,PARENT,,30000357.0,"BHC HERITAGE OAKS HOSPITAL, INC.",ACTIVE,16-Dec-88,1-Dec-21,30-Nov-22,PROFIT CORP,38.64285,-121.364946,"(-121.364946,38.64285)",106344021.0,34,SACRAMENTO,6067,,,,,,15-Mar-22,False,False,False,True
314,LICENSED AND CERTIFIED,,,30000862,OPEN,CA030000862,054123,,4-Oct-90,16-Nov-16,1053443473,Y,Y,1.0,1.0,3/27/19 0:00,,JC,ST. JOSEPH'S BEHAVIORAL HEALTH CENTER,APH,ACUTE PSYCHIATRIC HOSPITAL,NON-LTC,35,2510 N. CALIFORNIA STREET,STOCKTON,95204,5502,"RAINS, PAUL",PAUL.RAINS@DIGNITYHEALTH.ORG,(209) 464-2270,(209) 461-2020,490,SAN JOAQUIN,3,SACRAMENTO,Y,,PARENT,,30000367.0,"PORT CITY OPERATING COMPANY, LLC",ACTIVE,2-Jan-90,6-Sep-21,5-Sep-22,LIMITED LIABILITY COMPANY,37.976724,-121.291065,"(-121.291065,37.976724)",106392232.0,39,SAN JOAQUIN,6077,,,,,,15-Mar-22,False,False,False,True
363,LICENSED ONLY,,,30001568,OPEN,CA03001568,,,,,,Y,Y,0.0,,,,,DOCTORS MEDICAL CENTER - BEHAVIORAL HEALTH DEPARTMENT,APH,ACUTE PSYCHIATRIC HOSPITAL,NON-LTC,67,1501 CLAUS RD,MODESTO,95355,9711,"DICICCO, CHRIS",,,(209) 557-6360,600,STANISLAUS,4,FRESNO,Y,30000122.0,CONSOLIDATED,24-Feb-05,30000026.0,"DOCTORS MEDICAL CENTER OF MODESTO, INC.",ACTIVE,11-Jul-62,1-Jun-21,31-May-22,PROFIT CORP,37.665423,-120.922056,"(-120.922056,37.665423)",106501016.0,50,STANISLAUS,6099,,,,,,15-Mar-22,False,False,False,True
488,LICENSED ONLY,,,40000252,OPEN,CA040000252,,,,,,N,N,,,,,,ALLIANT INTERNATIONAL UNIVERSITY,PSYCHC,PSYCHOLOGY CLINIC,NON-LTC,0,5130 E CLINTON WAY,FRESNO,93727,2014,"WHITE, DALE S",DWHITE@ALLIANT.EDU,(559) 253-2298,(559) 253-2277,90,FRESNO,4,FRESNO,Y,,PARENT,,40000237.0,CALIFORNIA SCHOOL OF PROFESSIONAL PSYCHOLOGY,ACTIVE,20-Nov-86,19-Nov-19,18-Nov-20,NONPROFIT CORP,36.766098,-119.7202725,"(-119.7202725,36.766098)",306104002.0,10,FRESNO,6019,,,,,,15-Mar-22,False,False,False,True
490,LICENSED ONLY,,,40000259,OPEN,CA04000259,,,,,,Y,Y,,,,,,COMMUNITY BEHAVIORAL HEALTH CENTER,APH,ACUTE PSYCHIATRIC HOSPITAL,NON-LTC,73,7171 N CEDAR AVE,FRESNO,93720,3311,"POLUNAS, DAVID",,,(559) 449-4417,90,FRESNO,4,FRESNO,Y,40000101.0,CONSOLIDATED,24-Feb-05,40000096.0,FRESNO COMMUNITY HOSPITAL AND MEDICAL CENTER,ACTIVE,,13-Dec-21,6-Nov-22,NONPROFIT CORP,36.84042,-119.758023,"(-119.758023,36.84042)",106104008.0,10,FRESNO,6019,,,,,,15-Mar-22,False,False,False,True
674,LICENSED AND CERTIFIED,,,50000041,OPEN,CA050000041,054077,,21-Mar-85,9-Jan-19,1902863418,Y,Y,1.0,1.0,11/10/17 0:00,,JC,AURORA VISTA DEL MAR HOSPITAL,APH,ACUTE PSYCHIATRIC HOSPITAL,NON-LTC,87,801 SENECA ST,VENTURA,93001,1411,"POWELL, DANIEL",DAN.POWELL@AURORABEHAVORIAL.COM,(805) 652-0086,(805) 653-6434,660,VENTURA,5,VENTURA,Y,,PARENT,,50000016.0,AURORA VISTA DEL MAR LLC,ACTIVE,27-Feb-85,22-Mar-21,21-Mar-22,LIMITED LIABILITY COMPANY,34.307703,-119.2836645,"(-119.2836645,34.307703)",106560203.0,56,VENTURA,6111,,,,,,15-Mar-22,False,False,False,True
729,LICENSED ONLY,,,50000192,OPEN,CA050000192,,,,,,Y,Y,0.0,,,,,VENTURA COUNTY MEDICAL CENTER INPATIENT D/P APH,APH,ACUTE PSYCHIATRIC HOSPITAL,NON-LTC,43,200 HILLMONT AVE,VENTURA,93003,1647,"MILSTIEN, KIM",,,(805) 652-6100,660,VENTURA,5,VENTURA,N,50000039.0,DISTINCT PART,1-Jul-53,50000032.0,COUNTY OF VENTURA,ACTIVE,1-Jul-53,1-Mar-21,28-Feb-22,COUNTY,34.276518,-119.253348,"(-119.253348,34.276518)",,56,VENTURA,6111,,,,,,15-Mar-22,False,False,False,True
818,LICENSED ONLY,,,50001293,OPEN,CA050001293,,,,,,Y,Y,0.0,,,,,SANTA BARBARA COTTAGE HOSPITAL - D/P APH,APH,ACUTE PSYCHIATRIC HOSPITAL,NON-LTC,20,400 W PUEBLO ST,SANTA BARBARA,93105,4353,,,,(805) 682-7111,520,SANTA BARBARA,5,VENTURA,N,50000280.0,DISTINCT PART,1-Jan-46,50000140.0,SANTA BARBARA COTTAGE HOSPITAL,ACTIVE,1-Jan-46,1-Mar-22,28-Feb-23,NONPROFIT CORP,34.4294868,-119.7231697,"(-119.7231697,34.429486796)",,42,SANTA BARBARA,6083,,,,,,15-Mar-22,False,False,False,True
974,LICENSED AND CERTIFIED,,,60000193,OPEN,CA06000193,054135,,5-Apr-94,21-Feb-18,1578554325,Y,Y,0.0,,,,,NEWPORT BAY HOSPITAL,APH,ACUTE PSYCHIATRIC HOSPITAL,NON-LTC,36,1501 E 16TH ST,NEWPORT BEACH,92663,5924,"PARKHURST, JAMES",AMYC@NEWPORTBAYHOSPITAL.COM,(949) 650-9751,(949) 395-1813,400,ORANGE,6,ORANGE,Y,,PARENT,,60000160.0,"BEACON HEALTHCARE SERVICES, INC.",ACTIVE,1-Jan-59,23-Feb-22,22-Feb-23,PROFIT CORP,33.622317,-117.9075015,"(-117.9075015,33.622317)",106301304.0,30,ORANGE,6059,,,,,,15-Mar-22,False,False,False,True
991,LICENSED AND CERTIFIED,USE PARENT MATCH,,60000543,OPEN,CA060000015,050526,,1-Jan-70,8-Jan-18,1083622120,Y,Y,1.0,1.0,7/1/17 0:00,,JC,HUNTINGTON BEACH HOSPITAL D/P APH,APH,ACUTE PSYCHIATRIC HOSPITAL,NON-LTC,49,17772 BEACH BLVD,HUNTINGTON BEACH,92647,6819,"BOTTICELLA, MARY",,,(714) 842-1473,400,ORANGE,6,ORANGE,N,60000015.0,DISTINCT PART,24-Jan-68,60000124.0,"PRIME HEALTHCARE HUNTINGTON BEACH, LLC",ACTIVE,24-Jan-68,30-Nov-21,29-Nov-22,LIMITED LIABILITY COMPANY,33.70365,-117.9865305,"(-117.9865305,33.70365)",,30,ORANGE,6059,,,,,,15-Mar-22,False,False,False,True
995,LICENSED AND CERTIFIED,USE PARENT MATCH,,60000631,OPEN,CA060000038,050040,,15-Mar-72,21-Feb-18,1285845982,Y,Y,1.0,1.0,7/14/17 0:00,,JC,LOS ANGELES COUNTY OLIVE VIEW-UCLA MED CTR D/P APH,APH,ACUTE PSYCHIATRIC HOSPITAL,NON-LTC,52,14445 OLIVE VIEW DR,SYLMAR,91342,1437,"ANDERSON, MELINDA",,,(818) 364-1555,200,LOS ANGELES,6,ORANGE,N,60000038.0,DISTINCT PART,20-Nov-59,60000133.0,LOS ANGELES COUNTY DEPARTMENT OF HEALTH SERVICES,ACTIVE,20-Nov-59,8-May-21,7-May-22,COUNTY,34.326981,-118.4517,"(-118.4517,34.326981)",,19,LOS ANGELES,6037,,,,,,15-Mar-22,False,False,False,True
996,LICENSED AND CERTIFIED,USE PARENT MATCH,,60000655,OPEN,CA060000074,050744,,8-Mar-05,,1790778488,Y,Y,1.0,1.0,11/15/14 0:00,,JC,ANAHEIM GLOBAL MEDICAL CENTER D/P APH,APH,ACUTE PSYCHIATRIC HOSPITAL,NON-LTC,90,1025 S ANAHEIM BLVD,ANAHEIM,92805,5806,"RAFFERTY, PATRICK",,,(714) 533-6220,400,ORANGE,6,ORANGE,N,60000074.0,DISTINCT PART,29-Dec-72,60000117.0,"ANAHEIM GLOBAL MEDICAL CENTER, INC.",ACTIVE,29-Dec-72,14-Jul-21,7-Mar-22,PROFIT CORP,33.819876,-117.909414,"(-117.909414,33.819876)",,30,ORANGE,6059,,,,,,15-Mar-22,False,False,False,True
997,LICENSED AND CERTIFIED,USE PARENT MATCH,,60000673,OPEN,CA060000067,050069,,1-Jul-66,23-Sep-20,1912982216,Y,Y,1.0,1.0,3/7/20 0:00,,JC,ST. JOSEPH HOSPITAL D/P APH,APH,ACUTE PSYCHIATRIC HOSPITAL,NON-LTC,37,1100 W STEWART DR,ORANGE,92868,3849,"NOCE JR., WALTER",,,(714) 633-9111,400,ORANGE,6,ORANGE,N,60000067.0,DISTINCT PART,27-Oct-64,60000172.0,ST. JOSEPH HOSPITAL OF ORANGE,ACTIVE,27-Oct-64,1-Jan-22,31-Dec-22,NONPROFIT CORP,33.782121,-117.864936,"(-117.864936,33.782121)",,30,ORANGE,6059,,,,,,15-Mar-22,False,False,False,True
998,LICENSED AND CERTIFIED,USE PARENT MATCH,,60000690,OPEN,CA060000060,050567,,10-Aug-71,,1992752315,Y,Y,1.0,1.0,4/7/21 0:00,,JC,MISSION HOSPITAL LAGUNA BEACH D/P APH,APH,ACUTE PSYCHIATRIC HOSPITAL,NON-LTC,36,31872 COAST HWY,LAGUNA BEACH,92651,6773,"IRISH, GARY",,,(949) 499-1311,400,ORANGE,6,ORANGE,N,60000066.0,DISTINCT PART,30-Jun-59,60000146.0,MISSION HOSPITAL REGIONAL MEDICAL CENTER,ACTIVE,10-Aug-71,1-Dec-21,30-Nov-22,NONPROFIT CORP,33.500637,-117.74079,"(-117.74079,33.500637)",,30,ORANGE,6059,,,,,,15-Mar-22,False,False,False,True
999,LICENSED AND CERTIFIED,USE PARENT MATCH,,60000697,OPEN,CA060000027,050376,,1-Jul-66,15-May-20,1487865184,Y,Y,1.0,1.0,12/14/19 0:00,,JC,LAC/HARBOR-UCLA MEDICAL CENTER D/P APH,APH,ACUTE PSYCHIATRIC HOSPITAL,NON-LTC,38,1000 W CARSON ST,TORRANCE,90502,2004,"MICKOSEFF, TECLA",,,(310) 222-2345,200,LOS ANGELES,6,ORANGE,N,60000027.0,DISTINCT PART,1-Jul-53,60000129.0,LOS ANGELES COUNTY DEPARTMENT OF HEALTH SERVICES,ACTIVE,1-Jul-53,1-May-21,30-Apr-22,COUNTY,33.829794,-118.294722,"(-118.294722,33.829794)",,19,LOS ANGELES,6037,,,,,,15-Mar-22,False,False,False,True
1000,LICENSED AND CERTIFIED,USE PARENT MATCH,,60000700,OPEN,CA060000040,050373,,1-Jul-66,4-Jan-18,1093728743,Y,Y,1.0,1.0,1/28/17 0:00,,JC,LAC+USC MEDICAL CENTER D/P APH,APH,ACUTE PSYCHIATRIC HOSPITAL,NON-LTC,76,1200 N STATE ST,LOS ANGELES,90033,1029,"RUNKE, DAVID",,,(323) 226-6853,200,LOS ANGELES,6,ORANGE,N,60000040.0,DISTINCT PART,1-Jul-53,60000130.0,LOS ANGELES COUNTY DEPARTMENT OF HEALTH SERVICES,ACTIVE,1-Jul-53,1-Jan-22,31-Mar-22,COUNTY,34.059654,-118.208178,"(-118.208178,34.059654)",,19,LOS ANGELES,6037,,,,,,15-Mar-22,False,False,False,True
1006,LICENSED AND CERTIFIED,USE PARENT MATCH,,60000777,OPEN,CA060000008,050543,,1-Aug-76,7-Aug-19,1922039205,Y,Y,1.0,1.0,6/28/19 0:00,,JC,COLLEGE HOSPITAL COSTA MESA D/P APH,APH,ACUTE PSYCHIATRIC HOSPITAL,NON-LTC,99,301 VICTORIA ST,COSTA MESA,92627,1995,"LINGENFELTER, WAYNE",,,(949) 642-2734,400,ORANGE,6,ORANGE,N,60000008.0,DISTINCT PART,1-Sep-87,60000100.0,"CHCM, INC.",ACTIVE,1-Sep-87,1-Nov-21,31-Oct-22,PROFIT CORP,33.651855,-117.91206,"(-117.91206,33.651855)",,30,ORANGE,6059,,,,,,15-Mar-22,False,False,False,True
1026,LICENSED AND CERTIFIED,USE PARENT MATCH,,60000944,OPEN,CA060000024,050580,,30-May-72,4-Jan-18,1417965559,Y,Y,1.0,1.0,4/13/17 0:00,,JC,LA PALMA INTERCOMMUNITY HOSPITAL D/P APH,APH,ACUTE PSYCHIATRIC HOSPITAL,NON-LTC,23,7901 WALKER ST,LA PALMA,90623,1722,"KERR, MICHAEL",,,(714) 670-7400,400,ORANGE,6,ORANGE,N,60000024.0,DISTINCT PART,22-May-72,60000136.0,"PRIME HEALTHCARE LA PALMA, LLC",ACTIVE,22-May-72,27-Nov-21,26-Nov-22,LIMITED LIABILITY COMPANY,33.847524,-118.038312,"(-118.038312,33.847524)",,30,ORANGE,6059,,,,,,15-Mar-22,False,False,False,True
1085,LICENSED AND CERTIFIED,USE PARENT MATCH,,60001302,OPEN,CA060000073,050746,,8-Mar-05,27-Dec-17,1982697678,Y,Y,1.0,1.0,8/18/17 0:00,,JC,ORANGE COUNTY GLOBAL MEDICAL CENTER  D/P APH,APH,ACUTE PSYCHIATRIC HOSPITAL,NON-LTC,28,1001 N TUSTIN AVE,SANTA ANA,92705,3502,,,,,400,ORANGE,6,ORANGE,N,60000073.0,DISTINCT PART,19-Dec-84,60000188.0,"ORANGE COUNTY GLOBAL MEDICAL CENTER, INC.",ACTIVE,19-Dec-84,8-Mar-21,7-Mar-22,PROFIT CORP,33.754131,-117.8329005,"(-117.8329005,33.754131)",,30,ORANGE,6059,,,,,,15-Mar-22,False,False,False,True
1102,LICENSED AND CERTIFIED,USE PARENT MATCH,,60001378,OPEN,CA060000021,050747,,8-Mar-05,9-May-05,1558354258,Y,Y,1.0,1.0,10/17/14 0:00,,JC,"SOUTH COAST GLOBAL MEDICAL CENTER, INC. D/P APH",APH,ACUTE PSYCHIATRIC HOSPITAL,NON-LTC,23,2701 S BRISTOL ST,SANTA ANA,92704,6201,"MYERS, CRAIG G",,,(714) 754-5454,400,ORANGE,6,ORANGE,N,60000021.0,DISTINCT PART,7-Jun-73,60000143.0,"SOUTH COAST GLOBAL MEDICAL CENTER, INC.",ACTIVE,7-Jun-73,8-Mar-21,7-Mar-22,PROFIT CORP,33.711084,-117.884268,"(-117.884268,33.711084)",,30,ORANGE,6059,,,,,,15-Mar-22,False,False,False,True
1104,LICENSED AND CERTIFIED,USE PARENT MATCH,,60001420,OPEN,CA060000182,050426,,10-Oct-69,10-Feb-16,1871501916,Y,Y,1.0,1.0,7/21/17 0:00,,JC,WEST ANAHEIM MEDICAL CENTER D/P APH,APH,ACUTE PSYCHIATRIC HOSPITAL,NON-LTC,30,3033 W ORANGE AVE,ANAHEIM,92804,3156,"CULBERSON, DAVID",,,(714) 827-3000,400,ORANGE,6,ORANGE,N,60000016.0,DISTINCT PART,8-Feb-65,60000182.0,"PRIME HEALTHCARE ANAHEIM, LLC",ACTIVE,8-Feb-65,10-Nov-21,9-Nov-22,LIMITED LIABILITY COMPANY,33.825456,-117.9948825,"(-117.9948825,33.825456)",,30,ORANGE,6059,,,,,,15-Mar-22,False,False,False,True
1169,LICENSED AND CERTIFIED,USE PARENT MATCH,,60001717,OPEN,CA060000006,050745,,,,1427041110,Y,Y,1.0,1.0,10/3/18 0:00,,JC,CHAPMAN GLOBAL MEDICAL CENTER D/P APH,APH,ACUTE PSYCHIATRIC HOSPITAL,NON-LTC,12,2601 E CHAPMAN AVE,ORANGE,92869,3206,"NORRIS, DOUG",,,(714) 633-0011,400,ORANGE,6,ORANGE,N,60000006.0,DISTINCT PART,3-Dec-68,60000097.0,"CHAPMAN GLOBAL MEDICAL CENTER, INC.",ACTIVE,3-Dec-68,10-Oct-21,7-Mar-22,PROFIT CORP,33.788511,-117.826335,"(-117.826335,33.788511)",,30,ORANGE,6059,,,,,,15-Mar-22,False,False,False,True
1491,LICENSED AND CERTIFIED,USE PARENT MATCH,,70000288,OPEN,CA070000137,050145,,1-Jul-66,15-Aug-19,1932197258,Y,Y,1.0,1.0,5/1/99 0:00,,JC,COMMUNITY HOSPITAL OF THE MONTEREY PENINSULA D/P A,APH,ACUTE PSYCHIATRIC HOSPITAL,NON-LTC,18,23625 W.R. HOLMAN HWY,MONTEREY,93940,5902,,,,(831) 624-5311,370,MONTEREY,7,SAN JOSE,N,70000137.0,DISTINCT PART,23-Feb-05,70000026.0,COMMUNITY HOSPITAL OF THE MONTEREY PENINSULA,ACTIVE,,13-Jan-22,30-Nov-22,NONPROFIT CORP,36.57916153,-121.9152286,"(-121.9152286,36.579161531)",,27,MONTEREY,6053,,,,,,15-Mar-22,False,False,False,True
1492,LICENSED AND CERTIFIED,USE PARENT MATCH,,70000290,OPEN,CA070000149,050038,,1-Jul-66,18-Mar-20,1063406551,Y,Y,1.0,1.0,11/10/18 0:00,,JC,SANTA CLARA VALLEY MEDICAL CENTER DP/APH,APH,ACUTE PSYCHIATRIC HOSPITAL,NON-LTC,50,751 S BASCOM AVE,SAN JOSE,95128,2604,,,,(408) 885-5000,530,SANTA CLARA,7,SAN JOSE,N,70000149.0,DISTINCT PART,1-May-80,70000085.0,THE COUNTY OF SANTA CLARA,ACTIVE,1-May-80,18-Jan-22,30-Apr-22,COUNTY,37.313424,-121.9342095,"(-121.9342095,37.313424)",,43,SANTA CLARA,6085,,,,,,15-Mar-22,False,False,False,True
1493,LICENSED AND CERTIFIED,USE PARENT MATCH,,70000306,OPEN,CA070000145,050248,,1-Jul-66,23-Sep-21,1699979245,Y,Y,1.0,1.0,11/17/11 0:00,,JC,NATIVIDAD MEDICAL CENTER D/P APH,APH,ACUTE PSYCHIATRIC HOSPITAL,NON-LTC,22,1441 CONSTITUTION BLVD,SALINAS,93906,3100,"DOVER, JAMES F",,,(831) 755-4111,370,MONTEREY,7,SAN JOSE,N,70000145.0,DISTINCT PART,23-Feb-05,70000070.0,COUNTY OF MONTEREY,ACTIVE,,1-Jan-22,21-Dec-22,COUNTY,36.697248,-121.6340235,"(-121.6340235,36.697248)",,27,MONTEREY,6053,,,,,,15-Mar-22,False,False,False,True
1577,LICENSED ONLY,,,70001127,OPEN,CA070001127,,,,,,N,N,,,,,,INDIAN HEALTH CENTER OF SANTA CLARA VALLEY,PSYCHC,PSYCHOLOGY CLINIC,NON-LTC,0,602 E SANTA CLARA ST,SAN JOSE,95112,1907,"DURAN, MICHAEL",MDURAN@IHCSCV.ORG,(408) 448-1727,(408) 445-8172,530,SANTA CLARA,7,SAN JOSE,Y,,PARENT,,70000482.0,INDIAN HEALTH CENTER OF SANTA CLARA VALLEY,ACTIVE,2-Jun-00,2-Jun-21,1-Jun-22,NONPROFIT CORP,37.342026,-121.877703,"(-121.877703,37.342026)",306434213.0,43,SANTA CLARA,6085,,,,,,15-Mar-22,False,False,False,True
1671,LICENSED AND CERTIFIED,USE PARENT MATCH,,70001353,OPEN,CA070001351,050308,,1-Jul-66,25-Mar-19,1093712374,Y,Y,1.0,1.0,5/29/01 0:00,,JC,EL CAMINO HOSPITAL D/P APH,APH,ACUTE PSYCHIATRIC HOSPITAL,NON-LTC,36,2590 GRANT RD,MOUNTAIN VIEW,94040,4302,"GRAHAM, KENNETH D",,,(650) 940-7000,530,SANTA CLARA,7,SAN JOSE,N,70001351.0,DISTINCT PART,30-Jun-80,70000660.0,EL CAMINO HOSPITAL,ACTIVE,30-Jun-80,31-Dec-21,30-Dec-22,NONPROFIT CORP,37.36745551,-122.0779241,"(-122.0779241,37.367455508)",,43,SANTA CLARA,6085,,,,,,15-Mar-22,False,False,False,True
1674,LICENSED AND CERTIFIED,USE PARENT MATCH,,70001359,OPEN,CA070001357,050441,,1-Jul-68,22-Sep-21,1871543215,Y,Y,1.0,1.0,3/22/01 0:00,,JC,STANFORD HOSPITAL D/P APH,APH,ACUTE PSYCHIATRIC HOSPITAL,NON-LTC,30,300 PASTEUR DR,STANFORD,94305,2200,"MARSH, MARTHA",,,(650) 723-4000,530,SANTA CLARA,7,SAN JOSE,N,70001357.0,DISTINCT PART,1-Jun-80,70000662.0,STANFORD HEALTH CARE,ACTIVE,1-Jun-80,28-Jul-21,30-Mar-22,NONPROFIT CORP,37.4330948,-122.1758822,"(-122.1758822,37.433094801)",,43,SANTA CLARA,6085,,,,,,15-Mar-22,False,False,False,True
1691,LICENSED ONLY,USE PARENT MATCH,,70001410,OPEN,CA070000154,,,,,,Y,Y,,,,,,MISSION OAKS HOSPITAL - D/P APH,APH,ACUTE PSYCHIATRIC HOSPITAL,NON-LTC,21,15891 LOS GATOS ALMADEN RD,LOS GATOS,95032,3742,"WILLIAMS, ROLAND",,,(408) 559-2011,530,SANTA CLARA,7,SAN JOSE,N,70000154.0,DISTINCT PART,1-Oct-80,70000048.0,"GOOD SAMARITAN HOSPITAL, LP",ACTIVE,1-Oct-80,1-Feb-22,31-Jan-23,PARTNERSHIP,37.244772,-121.948011,"(-121.948011,37.244772)",,43,SANTA CLARA,6085,,,,,,15-Mar-22,False,False,False,True
1743,LICENSED AND CERTIFIED,,,80000156,OPEN,CA080000156,054075,,31-May-84,9-Jul-19,1477969970,Y,Y,1.0,1.0,5/25/22 0:00,,JC,ALVARADO PARKWAY INSTITUTE BEHAVIORAL HEALTH SYSTEM,APH,ACUTE PSYCHIATRIC HOSPITAL,NON-LTC,66,7050 PARKWAY DR,LA MESA,91942,1535,"WOMACK, MAUREEN",PDELAROSA@APIBHS.COM,(619) 667-6036,(619) 465-4411,470,SAN DIEGO,10,SAN DIEGO,Y,,PARENT,,80000079.0,BH-SD OPCO LLC,ACTIVE,,5-Jan-22,4-Jan-23,LIMITED LIABILITY COMPANY,32.774481,-117.0440325,"(-117.0440325,32.774481)",106370749.0,37,SAN DIEGO,6073,,,,,,15-Mar-22,False,False,False,True
1769,LICENSED AND CERTIFIED,USE PARENT MATCH,,80000387,OPEN,CA080000152,050128,,1-Jul-66,21-Feb-19,1801861190,Y,Y,1.0,1.0,9/28/18 0:00,,JC,TRI-CITY MEDICAL CENTER D/P APH,APH,ACUTE PSYCHIATRIC HOSPITAL,NON-LTC,18,4002 VISTA WAY,OCEANSIDE,92056,4506,"GONZALEZ, ARTHUR",,,(760) 724-8411,470,SAN DIEGO,10,SAN DIEGO,N,80000152.0,DISTINCT PART,25-Nov-86,80000099.0,TRI-CITY HOSPITAL DISTRICT,ACTIVE,25-Nov-86,1-Nov-21,31-Oct-22,HEALTH CARE DISTRICT,33.184332,-117.291807,"(-117.291807,33.184332)",,37,SAN DIEGO,6073,,,,,,15-Mar-22,False,False,False,True
1781,LICENSED AND CERTIFIED,,,80000665,OPEN,CA080000665,054095,,23-May-88,16-Oct-18,1598722027,Y,Y,1.0,1.0,7/12/18 0:00,,JC,AURORA SAN DIEGO,APH,ACUTE PSYCHIATRIC HOSPITAL,NON-LTC,101,11878 AVENUE OF INDUSTRY,SAN DIEGO,92128,3423,"AZCONA, ALAIN",AJAZCONA@AURORABEHAVIORAL.COM,(858) 674-4491,(858) 487-3200,470,SAN DIEGO,10,SAN DIEGO,Y,,PARENT,,80000310.0,"AURORA SAN DIEGO, LLC",ACTIVE,19-May-88,19-Nov-21,18-Nov-22,LIMITED LIABILITY COMPANY,32.991372,-117.0749475,"(-117.0749475,32.991372)",106374024.0,37,SAN DIEGO,6073,,,,,,15-Mar-22,False,False,False,True
1842,LICENSED AND CERTIFIED,USE PARENT MATCH,,80001257,OPEN,CA080000147,050636,,22-Jun-77,8-Apr-20,1376513754,Y,Y,1.0,1.0,11/14/19 0:00,,JC,PALOMAR MEDICAL CENTER POWAY D/P APH,APH,ACUTE PSYCHIATRIC HOSPITAL,NON-LTC,12,15615 POMERADO RD,POWAY,92064,2405,"FLINN, JIM",,,(858) 485-6511,470,SAN DIEGO,10,SAN DIEGO,N,80000147.0,DISTINCT PART,22-Jun-77,80000127.0,PALOMAR HEALTH,ACTIVE,22-Jun-77,21-Nov-21,20-Nov-22,HEALTH CARE DISTRICT,32.996565,-117.0566505,"(-117.0566505,32.996565)",,37,SAN DIEGO,6073,,,,,,15-Mar-22,False,False,False,True
1845,LICENSED AND CERTIFIED,USE PARENT MATCH,,80001283,OPEN,CA080000045,050026,,1-Jul-66,9-Jan-19,1528041811,Y,Y,1.0,1.0,2/3/18 0:00,,JC,GROSSMONT HOSPITAL D/P APH,APH,ACUTE PSYCHIATRIC HOSPITAL,NON-LTC,46,5555 GROSSMONT CENTER DR,LA MESA,91942,3019,"TARBET, MICHELE",,,(619) 465-0711,470,SAN DIEGO,10,SAN DIEGO,N,80000045.0,DISTINCT PART,10-Aug-55,80000006.0,GROSSMONT HOSPITAL CORPORATION,ACTIVE,10-Aug-55,22-Jul-21,28-May-22,NONPROFIT CORP,32.781438,-117.00702,"(-117.00702,32.781438)",,37,SAN DIEGO,6073,,,,,,15-Mar-22,False,False,False,True
2065,LICENSED AND CERTIFIED,,,90000159,OPEN,CA090000159,054114,,25-May-90,29-Jan-20,1427101351,Y,Y,1.0,1.0,2/11/16 0:00,,JC,SAN DIEGO COUNTY PSYCHIATRIC HOSPITAL,APH,ACUTE PSYCHIATRIC HOSPITAL,NON-LTC,109,3853 ROSECRANS ST,SAN DIEGO,92110,3115,"KARMACH, IZABELA",IZABELA.KARMACH@SDCOUNTY.CA.GOV,(619) 542-4060,(619) 692-8232,470,SAN DIEGO,10,SAN DIEGO,Y,,PARENT,,90000092.0,COUNTY OF SAN DIEGO,ACTIVE,,30-Mar-21,29-Mar-22,COUNTY,32.753683,-117.202604,"(-117.202604,32.753682999)",106374055.0,37,SAN DIEGO,6073,,,,,,15-Mar-22,False,False,False,True
2079,LICENSED ONLY,,,90000244,OPEN,CA090000244,,,,,,N,N,,,,,,CATHOLIC CHARITIES,PSYCHC,PSYCHOLOGY CLINIC,NON-LTC,0,349 CEDAR ST,SAN DIEGO,92101,3112,"PETTERSON, PATRICIA",PPETTERSON@CCDSD.ORG,(619) 234-1465,(619) 231-2828,470,SAN DIEGO,10,SAN DIEGO,Y,,PARENT,,90000125.0,"CATHOLIC CHARITIES, DIOCESE OF SAN DIEGO",ACTIVE,21-Oct-75,22-Mar-18,21-Mar-19,NONPROFIT CORP,32.721795,-117.16146,"(-117.16146,32.721795)",306374011.0,37,SAN DIEGO,6073,,,,,,15-Mar-22,False,False,False,True
2103,LICENSED AND CERTIFIED,USE PARENT MATCH,,90000338,OPEN,CA090000145,050024,,1-Jul-66,26-Jul-19,1356410351,Y,Y,1.0,1.0,6/21/19 0:00,,JC,PARADISE VALLEY HOSPITAL D/P APH,APH,ACUTE PSYCHIATRIC HOSPITAL,NON-LTC,39,2400 E 4TH ST,NATIONAL CITY,91950,2026,"BUTLER, DAVID  B",,,(619) 470-4321,470,SAN DIEGO,10,SAN DIEGO,N,90000145.0,DISTINCT PART,29-Mar-66,90000086.0,"PRIME HEALTHCARE PARADISE VALLEY, LLC",ACTIVE,29-Mar-66,27-Aug-21,30-Apr-22,LIMITED LIABILITY COMPANY,32.684337,-117.082593,"(-117.082593,32.684337)",,37,SAN DIEGO,6073,,,,,,15-Mar-22,False,False,False,True
2104,LICENSED AND CERTIFIED,USE PARENT MATCH,,90000347,OPEN,CA090000025,050077,,1-Jul-66,13-Dec-18,1659359446,Y,Y,1.0,1.0,9/1/18 0:00,,JC,SCRIPPS MERCY HOSPITAL D/P APH,APH,ACUTE PSYCHIATRIC HOSPITAL,NON-LTC,36,4077 5TH AVE,SAN DIEGO,92103,2105,"WILSON, NANCY",,,(619) 000-0000,470,SAN DIEGO,10,SAN DIEGO,N,90000025.0,DISTINCT PART,1-Jan-46,90000074.0,SCRIPPS HEALTH,ACTIVE,1-Jan-46,1-Jan-22,10-May-22,NONPROFIT CORP,32.751306,-117.1600785,"(-117.1600785,32.751306)",,37,SAN DIEGO,6073,,,,,,15-Mar-22,False,False,False,True
2173,LICENSED AND CERTIFIED,USE PARENT MATCH,,90001561,OPEN,CA090000145,050024,,1-Jul-66,26-Jul-19,1356410351,Y,Y,1.0,1.0,6/21/19 0:00,,JC,PARADISE VALLEY HOSP D/P APH BAYVIEW BEHAVIORAL HEALTH,APH,ACUTE PSYCHIATRIC HOSPITAL,NON-LTC,64,330 MOSS ST,CHULA VISTA,91911,2005,"LUNGU, JACK",,,(619) 426-6310,470,SAN DIEGO,10,SAN DIEGO,N,90000145.0,DISTINCT PART,29-Mar-66,90000086.0,"PRIME HEALTHCARE PARADISE VALLEY, LLC",ACTIVE,29-Mar-66,27-Aug-21,30-Apr-22,LIMITED LIABILITY COMPANY,32.617539,-117.071334,"(-117.071334,32.617539)",106370775.0,37,SAN DIEGO,6073,,,,,,15-Mar-22,False,False,False,True
2399,LICENSED AND CERTIFIED,,,110000073,OPEN,CA11000000073,054074,,26-Apr-84,25-Feb-14,1851381990,Y,Y,1.0,1.0,3/20/10 0:00,,JC,ADVENTIST HEALTH VALLEJO,APH,ACUTE PSYCHIATRIC HOSPITAL,NON-LTC,61,525 OREGON ST,VALLEJO,94590,3201,"HERBER, M.D., STEVEN C",ROEBUCTM@AH.ORG,(707) 649-4009,(707) 649-4002,580,SOLANO,11,SANTA ROSA,Y,,PARENT,,110000042.0,ST. HELENA HOSPITAL,ACTIVE,17-Jun-63,1-Nov-21,31-Oct-22,NONPROFIT CORP,38.117781,-122.2491015,"(-122.2491015,38.117781)",106481015.0,48,SOLANO,6095,,,,,,15-Mar-22,False,False,False,True
2483,LICENSED ONLY,,,110000870,OPEN,CA110000870,,,,,,N,N,,,,,,RIVER COUNSELING,PSYCHC,PSYCHOLOGY CLINIC,NON-LTC,0,19375 HIGHWAY 116,MONTE RIO,95462,9716,"HORNER, DENISE",DENISE_HORNER@COMCAST.NET,(707) 865-5122,(707) 865-1200,590,SONOMA,11,SANTA ROSA,Y,,PARENT,,110000330.0,"REDWOOD PSYCHOLOGY CENTER, INC.",ACTIVE,17-Oct-97,17-Nov-21,16-Nov-22,NONPROFIT CORP,38.47800933,-122.997751,"(-122.997751,38.47800933)",306494069.0,49,SONOMA,6097,,,,,,15-Mar-22,False,False,False,True
2497,LICENSED AND CERTIFIED,USE PARENT MATCH,,110000955,OPEN,CA11000000361,050360,,1-Jul-66,11-Oct-17,1396725677,Y,Y,1.0,1.0,8/19/10 0:00,,JC,MARINHEALTH MEDICAL CENTER D/P APH,APH,ACUTE PSYCHIATRIC HOSPITAL,NON-LTC,17,250 BON AIR RD,GREENBRAE,94904,1702,"BUHRMANN, HENRY",,,(415) 461-0100,310,MARIN,11,SANTA ROSA,N,110000953.0,DISTINCT PART,1-Dec-85,110000361.0,MARIN GENERAL HOSPITAL,ACTIVE,1-Dec-85,30-Nov-21,29-Nov-22,NONPROFIT CORP,37.947339,-122.5359045,"(-122.5359045,37.947339)",,21,MARIN,6041,,,,,,15-Mar-22,False,False,False,True
2579,LICENSED ONLY,,,110001245,OPEN,CA110001245,,,,,,N,N,,,,,,LOMI PSYCHOTHERAPY CLINIC,PSYCHC,PSYCHOLOGY CLINIC,NON-LTC,0,534 B ST,SANTA ROSA,95401,5211,"POPE, THOMAS",SSWEENEY@LOMI.ORG,(707) 579-0560,(707) 579-0465,590,SONOMA,11,SANTA ROSA,Y,,PARENT,,110000511.0,"LOMI SCHOOL FOUNDATION, LOMI PSYCHOTHERAPY CLINIC",ACTIVE,12-Dec-03,12-Jun-21,11-Jun-22,NONPROFIT CORP,38.443077,-122.717538,"(-122.717538,38.443077)",306494102.0,49,SONOMA,6097,,,,,,15-Mar-22,False,False,False,True
2631,LICENSED AND CERTIFIED,,,120000402,OPEN,CA120000402,05S315,,,,,N,N,0.0,,,,,KERN MEDICAL CENTER D/P APH,APH,ACUTE PSYCHIATRIC HOSPITAL,NON-LTC,25,1700 MOUNT VERNON AVE,BAKERSFIELD,93306,4018,"JUDD, CEO, RUSSELL",,,(661) 326-2000,140,KERN,12,BAKERSFIELD,N,120000342.0,DISTINCT PART,1-Jul-53,120000182.0,KERN COUNTY HOSPITAL AUTHORITY,ACTIVE,1-Jul-53,13-Dec-21,30-Jun-22,OTHER PUBLIC AGENCY,35.382438,-118.9707885,"(-118.9707885,35.382438)",,15,KERN,6029,,,,,,15-Mar-22,False,False,False,True
2656,LICENSED AND CERTIFIED,USE PARENT MATCH,,120000666,OPEN,CA120000319,050257,,1-Jul-66,15-Jun-17,1205852209,Y,Y,1.0,1.0,4/7/17 0:00,,JC,GOOD SAMARITAN HOSPITAL D/P APH,APH,ACUTE PSYCHIATRIC HOSPITAL,NON-LTC,21,901 OLIVE DR,BAKERSFIELD,93308,4137,"WHITEHOUSE, EDWARD",,,(661) 399-4461,140,KERN,12,BAKERSFIELD,N,120000319.0,DISTINCT PART,10-May-60,120000146.0,"GOOD SAMARITAN HOSP, A CALIF LIMITED PARTNERSHIP",ACTIVE,10-May-60,1-Dec-21,30-Nov-22,PARTNERSHIP,35.411724,-119.039733,"(-119.039733,35.411724)",,15,KERN,6029,,,,,,15-Mar-22,False,False,False,True
2723,LICENSED AND CERTIFIED,USE PARENT MATCH,,120001452,OPEN,CA040000106,050057,,1-Jul-66,12-Feb-20,1588663769,Y,Y,1.0,1.0,9/28/19 0:00,,JC,KAWEAH HEALTH MENTAL HEALTH HOSPITAL,APH,ACUTE PSYCHIATRIC HOSPITAL,NON-LTC,63,1100 S AKERS ST,VISALIA,93277,8311,"FRATZKE, MARK S",,(559) 635-4064,(559) 624-3300,640,TULARE,12,BAKERSFIELD,N,120001444.0,DISTINCT PART,23-Feb-05,120000580.0,KAWEAH DELTA HEALTH CARE DISTRICT,ACTIVE,,13-Dec-21,31-Oct-22,HEALTH CARE DISTRICT,36.3205426,-119.350389,"(-119.350389,36.3205426)",106544009.0,54,TULARE,6107,,,,,,15-Mar-22,False,False,False,True
2852,LICENSED AND CERTIFIED,USE PARENT MATCH,,140000271,OPEN,CA140000012,050305,,1-Jul-66,,1639523004,Y,Y,1.0,1.0,1/11/08 0:00,,JC,ABSMC - HERRICK CAMPUS D/P APH,APH,ACUTE PSYCHIATRIC HOSPITAL,NON-LTC,68,2001 DWIGHT WAY,BERKELEY,94704,2608,,,,(650) 549-4430,0,ALAMEDA,2,EAST BAY,N,140000006.0,DISTINCT PART,23-Feb-05,140000004.0,SUTTER BAY HOSPITALS,ACTIVE,,1-Nov-21,31-Oct-22,NONPROFIT CORP,37.864233,-122.268978,"(-122.268978,37.864233)",,1,ALAMEDA,6001,,,,,,15-Mar-22,False,False,False,True
2855,LICENSED AND CERTIFIED,USE PARENT MATCH,,140000344,OPEN,CA00000000000195,050276,,1-Jul-66,30-Jul-18,1497820203,Y,Y,1.0,1.0,10/29/16 0:00,,JC,CONTRA COSTA REGIONAL MEDICAL CENTER D/P APH,APH,ACUTE PSYCHIATRIC HOSPITAL,NON-LTC,43,2500 ALHAMBRA AVENUE,MARTINEZ,94553,3156,,,,(925) 370-5100,60,CONTRA COSTA,2,EAST BAY,N,140000195.0,DISTINCT PART,23-Feb-05,140000090.0,COUNTY OF CONTRA COSTA,ACTIVE,,1-Dec-21,30-Nov-22,COUNTY,38.006865,-122.132898,"(-122.132898,38.006865)",,7,CONTRA COSTA,6013,,,,,,15-Mar-22,False,False,False,True
2857,LICENSED AND CERTIFIED,USE PARENT MATCH,,140000422,OPEN,CA140000034,050320,,1-Jul-66,29-Jan-20,1396764353,Y,Y,1.0,1.0,10/28/17 0:00,,JC,JOHN GEORGE PSYCHIATRIC HOSPITAL,APH,ACUTE PSYCHIATRIC HOSPITAL,NON-LTC,80,2060 FAIRMONT DRIVE,SAN LEANDRO,94578,1001,"HOUSE, JUDY",,,(510) 346-1300,0,ALAMEDA,2,EAST BAY,N,140000034.0,DISTINCT PART,23-Feb-05,140000046.0,ALAMEDA HEALTH SYSTEM,ACTIVE,,1-Nov-21,31-Oct-22,OTHER PUBLIC AGENCY,37.71072,-122.1202305,"(-122.1202305,37.71072)",,1,ALAMEDA,6001,,,,,,15-Mar-22,False,False,False,True
2903,LICENSED AND CERTIFIED,,,140000707,OPEN,CA140000707,054110,,22-Feb-90,14-Nov-17,1245346741,Y,Y,1.0,1.0,3/27/17 0:00,,JC,FREMONT HOSPITAL,APH,ACUTE PSYCHIATRIC HOSPITAL,NON-LTC,148,39001 SUNDALE DRIVE,FREMONT,94538,2005,"WILLIAMS, PATRICIA",PATRICIA.WILLIAMS3@UHSINC.COM,(510) 574-4871,(510) 796-1100,0,ALAMEDA,2,EAST BAY,Y,,PARENT,,140000347.0,"BHC FREMONT HOSPITAL, INC.",ACTIVE,,1-Dec-21,30-Nov-22,PROFIT CORP,37.546461,-121.979835,"(-121.979835,37.546461)",106014034.0,1,ALAMEDA,6001,,,,,,15-Mar-22,False,False,False,True
2920,LICENSED AND CERTIFIED,,,140000832,OPEN,CA140000832,054131,,15-Apr-93,7-Jul-16,1215962782,Y,Y,1.0,1.0,4/28/16 0:00,,JC,JOHN MUIR BEHAVIORAL HEALTH CENTER,APH,ACUTE PSYCHIATRIC HOSPITAL,NON-LTC,73,2740 GRANT STREET,CONCORD,94520,2265,"TAMPLEN, JESSE",JESSE.TAMPLEN@JOHNMUIRHEALTH.COM,(925) 686-2476,(925) 674-4159,60,CONTRA COSTA,2,EAST BAY,Y,,PARENT,,140000418.0,JOHN MUIR HEALTH,ACTIVE,1-Jan-97,1-Jan-22,31-Dec-22,NONPROFIT CORP,37.98564534,-122.0384597,"(-122.0384597,37.985645343)",106074039.0,7,CONTRA COSTA,6013,,,,,,15-Mar-22,False,False,False,True
2927,LICENSED AND CERTIFIED,,,140000921,OPEN,CA140000921,054662,,5-Oct-95,12-Jun-17,,N,Y,0.0,,,,,PORTIA BELL HUME BEHAVIORAL HEALTH & TRAINING CENTER,PSYCHC,PSYCHOLOGY CLINIC,NON-LTC,0,1333 WILLOW PASS RD,CONCORD,94520,5220,,LMIAO@HUMECENTER.ORG,(925) 825-7094,(925) 825-1793,60,CONTRA COSTA,2,EAST BAY,Y,,PARENT,,140000460.0,PORTIA BELL HUME BEHAVIORAL HEALTH & TRAINING CTR,ACTIVE,,26-Nov-21,25-Nov-22,NONPROFIT CORP,37.969776,-122.051943,"(-122.051943,37.969776)",306074124.0,7,CONTRA COSTA,6013,,,,,,15-Mar-22,False,False,False,True
2965,LICENSED ONLY,USE PARENT MATCH,,140001076,OPEN,CA140000199,,,,,,Y,Y,,,,,,VALLEY MEMORIAL HOSPITAL D/P APH,APH,ACUTE PSYCHIATRIC HOSPITAL,NON-LTC,14,1111 E STANLEY BOULEVARD,LIVERMORE,94550,4115,"BROWN, VERN",,,(925) 447-7000,0,ALAMEDA,2,EAST BAY,N,140000199.0,DISTINCT PART,23-Feb-05,140000114.0,THE HOSPITAL COMMITTEE FOR THE LIVERMORE-PLEASANTON AREAS,ACTIVE,,23-Feb-22,8-Dec-22,NONPROFIT CORP,37.67706,-121.78179,"(-121.78179,37.67706)",,1,ALAMEDA,6001,,,,,,15-Mar-22,False,False,False,True
3028,LICENSED AND CERTIFIED,,,140001298,OPEN,CMHC00007,054654,,17-Mar-93,17-Oct-19,,N,Y,0.0,,,,,LA CHEIM  BEHAVIORAL HEALTH SERVICES-OAKLAND,PSYCHC,PSYCHOLOGY CLINIC,NON-LTC,0,3031 TELEGRAPH AVENUE,OAKLAND,94609,3205,"VALFER, ERNST",PHP-IOP@LACHEIM.ORG,(510) 225-2745,(510) 596-8125,0,ALAMEDA,2,EAST BAY,Y,,PARENT,,140000664.0,"LA CHEIM SCHOOL, INC.",ACTIVE,,14-May-21,13-May-22,NONPROFIT CORP,37.819737,-122.2673985,"(-122.2673985,37.819737)",306014274.0,1,ALAMEDA,6001,,,,,,15-Mar-22,False,False,False,True
3076,LICENSED AND CERTIFIED,,,150001223,OPEN,CA150001223,054122,,6-Feb-91,,,Y,Y,1.0,1.0,4/3/21 0:00,,JC,DEPARTMENT OF STATE HOSPITALS - NAPA,APH,ACUTE PSYCHIATRIC HOSPITAL,NON-LTC,151,2100 NAPA VALLEJO HWY,NAPA,94558,6234,"MATTEUCCI, DOLLY",TENNILLE.TUNE@DSH.CA.GOV,(707) 253-5548,(707) 253-5014,380,NAPA,17,STATE FACILITIES SECTION,Y,,PARENT,,150000492.0,"STATE OF CALIFORNIA, DEPARTMENT OF STATE HOSPITALS",ACTIVE,1-Jan-46,1-May-21,30-Apr-22,STATE AGENCY,38.278035,-122.266836,"(-122.266836,38.278035)",106281266.0,28,NAPA,6055,,,,,,15-Mar-22,False,False,False,True
3084,LICENSED ONLY,,,150001243,OPEN,CA160001339,,,,,,Y,Y,0.0,,,,,DEPARTMENT OF STATE HOSPITALS - ATASCADERO,APH,ACUTE PSYCHIATRIC HOSPITAL,NON-LTC,311,10333 EL CAMINO REAL,ATASCADERO,93422,5808,"BLACK, JASON",ASHSTANDARDSCOMPLIANCELICENSING@DSH.CA.GOV,(805) 468-3000,(805) 468-2000,500,SAN LUIS OBISPO,17,STATE FACILITIES SECTION,Y,,PARENT,,150000498.0,"STATE OF CALIFORNIA, DEPARTMENT OF STATE HOSPITALS",ACTIVE,16-Jun-54,30-Nov-21,29-Nov-22,STATE AGENCY,35.46109506,-120.6443786,"(-120.6443786,35.461095061)",106400683.0,40,SAN LUIS OBISPO,6079,,,,,,15-Mar-22,False,False,False,True
3089,LICENSED ONLY,,,170001855,OPEN,CA170001855,,,,,,Y,Y,0.0,,,,,DEPARTMENT OF STATE HOSPITALS - PATTON,APH,ACUTE PSYCHIATRIC HOSPITAL,NON-LTC,427,3102 E HIGHLAND AVE,PATTON,92369,7813,"WALLACE, JANINE",JESSICA.ABENES@DSH.CA.GOV,(909) 425-7536,(909) 425-7407,460,SAN BERNARDINO,17,STATE FACILITIES SECTION,Y,,PARENT,,170000831.0,"STATE OF CALIFORNIA, DEPARTMENT OF STATE HOSPITALS",ACTIVE,29-Sep-75,1-May-21,30-Apr-22,STATE AGENCY,34.13583857,-117.2195129,"(-117.2195129,34.135838565)",106361768.0,36,SAN BERNARDINO,6071,,,,,,15-Mar-22,False,False,False,True
3091,LICENSED AND CERTIFIED,,,170001858,OPEN,CA930000139,054133,,30-Nov-93,,,Y,Y,1.0,1.0,7/19/14 0:00,,JC,DEPARTMENT OF STATE HOSPITALS - METROPOLITAN,APH,ACUTE PSYCHIATRIC HOSPITAL,NON-LTC,1004,11401 SOUTH BLOOMFIELD AVE,NORWALK,90650,2015,"BARSOM, MICHAEL",JOSEPHINE.SALUMBIDES@DSH.CA.GOV,(562) 651-4546,(562) 677-5724,200,LOS ANGELES,17,STATE FACILITIES SECTION,Y,,PARENT,,170000832.0,"STATE OF CALIFORNIA, DEPARTMENT OF STATE HOSPITALS",ACTIVE,16-Feb-16,26-Mar-21,25-Mar-22,STATE AGENCY,33.92419547,-118.0640232,"(-118.0640232,33.924195474)",106190958.0,19,LOS ANGELES,6037,,,,,,15-Mar-22,False,False,False,True
3126,LICENSED AND CERTIFIED,,,220000033,OPEN,CA220000033,054144,,19-Mar-98,4-Jun-20,1407900095,Y,Y,1.0,1.0,6/15/19 0:00,,JC,LANGLEY PORTER PSYCHIATRIC INSTITUTE,APH,ACUTE PSYCHIATRIC HOSPITAL,NON-LTC,56,401 PARNASSUS AVE,SAN FRANCISCO,94143,2211,"BOURNE, PARVEEN",KELLY.INGRASSIA@UCSF.EDU,(415) 476-7320,(415) 476-7000,480,SAN FRANCISCO,22,SAN FRANCISCO,Y,,PARENT,,220000377.0,UNIVERSITY OF CALIFORNIA BOARD OF REGENTS,ACTIVE,1-Nov-97,1-Nov-21,31-Oct-22,UC REGENT,37.76374687,-122.4567674,"(-122.4567674,37.763746868)",106380868.0,38,SAN FRANCISCO,6075,,,,,,15-Mar-22,False,False,False,True
3172,LICENSED AND CERTIFIED,USE PARENT MATCH,,220000225,OPEN,CA220000030,050457,,1-Jul-66,22-Dec-21,1932243003,Y,Y,1.0,1.0,11/21/20 0:00,,JC,ST. MARY'S MEDICAL CENTER D/P APH,APH,ACUTE PSYCHIATRIC HOSPITAL,NON-LTC,35,450 STANYAN ST,SAN FRANCISCO,94117,1019,,,,(415) 668-1000,480,SAN FRANCISCO,22,SAN FRANCISCO,N,220000030.0,DISTINCT PART,1-Jan-46,220000071.0,DIGNITY HEALTH,ACTIVE,1-Jan-46,5-May-21,4-May-22,NONPROFIT CORP,37.774062,-122.454189,"(-122.454189,37.774062)",,38,SAN FRANCISCO,6075,,,,,,15-Mar-22,False,False,False,True
3173,LICENSED AND CERTIFIED,USE PARENT MATCH,,220000234,OPEN,CA220000029,050152,,1-Jul-66,1-Dec-20,1316061997,Y,Y,1.0,1.0,4/18/14 0:00,,JC,SAINT FRANCIS MEMORIAL HOSPITAL D/P APH,APH,ACUTE PSYCHIATRIC HOSPITAL,NON-LTC,35,900 HYDE ST,SAN FRANCISCO,94109,4806,,,,(415) 775-4321,480,SAN FRANCISCO,22,SAN FRANCISCO,N,220000029.0,DISTINCT PART,23-Feb-05,220000069.0,SAINT FRANCIS MEMORIAL HOSPITAL,ACTIVE,,1-Jan-22,31-Dec-22,NONPROFIT CORP,37.789632,-122.4165555,"(-122.4165555,37.789632)",,38,SAN FRANCISCO,6075,,,,,,15-Mar-22,False,False,False,True
3176,LICENSED AND CERTIFIED,USE PARENT MATCH,,220000327,OPEN,CA220000022,050047,,1-Jul-66,25-Mar-20,1902964109,Y,Y,1.0,1.0,1/26/19 0:00,,JC,CALIFORNIA PACIFIC MEDICAL CENTER - D/P APH,APH,ACUTE PSYCHIATRIC HOSPITAL,NON-LTC,18,2323 SACRAMENTO ST,SAN FRANCISCO,94115,1925,,,,(415) 563-4321,480,SAN FRANCISCO,22,SAN FRANCISCO,N,220000022.0,DISTINCT PART,23-Feb-05,220000197.0,SUTTER BAY HOSPITALS,ACTIVE,,30-Jan-22,29-Jan-23,NONPROFIT CORP,37.789875,-122.4315135,"(-122.4315135,37.789875)",106380031.0,38,SAN FRANCISCO,6075,,,,,,15-Mar-22,False,False,False,True
3178,LICENSED AND CERTIFIED,USE PARENT MATCH,,220000334,OPEN,CA220000007,050113,,1-Jul-66,15-Jun-20,1386713030,Y,Y,1.0,1.0,3/19/16 0:00,,JC,SAN MATEO MEDICAL CENTER D/P APH,APH,ACUTE PSYCHIATRIC HOSPITAL,NON-LTC,34,222 W 39TH AVE,SAN MATEO,94403,4364,"KUNNAPPILLY, CHESTER J",,,(650) 573-2222,510,SAN MATEO,22,SAN FRANCISCO,N,220000007.0,DISTINCT PART,23-Feb-05,220000015.0,COUNTY OF SAN MATEO,ACTIVE,,1-Feb-22,31-Jan-23,COUNTY,37.531332,-122.2993665,"(-122.2993665,37.531332)",,41,SAN MATEO,6081,,,,,,15-Mar-22,False,False,False,True
3182,LICENSED AND CERTIFIED,USE PARENT MATCH,,220000415,OPEN,CA220000026,050289,,1-Jul-66,,1023636545,Y,Y,1.0,1.0,8/19/17 0:00,,JC,AHMC SETON MEDICAL CENTER D/P APH,APH,ACUTE PSYCHIATRIC HOSPITAL,NON-LTC,24,1900 SULLIVAN AVE,DALY CITY,94015,2200,"ARMADA, ANTHONY",,,(650) 992-4000,510,SAN MATEO,22,SAN FRANCISCO,N,220000026.0,DISTINCT PART,1-Oct-80,220000026.0,AHMC SETON MEDICAL CENTER LLC,ACTIVE,1-Oct-80,1-Jan-22,31-Dec-22,LIMITED LIABILITY COMPANY,37.680354,-122.474961,"(-122.474961,37.680354)",,41,SAN MATEO,6081,,,,,,15-Mar-22,False,False,False,True
3191,LICENSED AND CERTIFIED,,,220000516,OPEN,CA220000516,054089,,16-Sep-87,4-Mar-20,1275525115,Y,Y,0.0,,,,,JEWISH HOME & REHAB CENTER,APH,ACUTE PSYCHIATRIC HOSPITAL,NON-LTC,13,302 SILVER AVE,SAN FRANCISCO,94112,1510,"BOGART, GREGORY K",MJUDILLA@SFCJL.ORG,(415) 500-9812,(415) 469-2214,480,SAN FRANCISCO,22,SAN FRANCISCO,Y,,PARENT,,220000224.0,HEBREW HOME FOR AGED DISABLED,ACTIVE,,1-May-21,30-Apr-22,NONPROFIT CORP,37.728261,-122.429952,"(-122.429952,37.728261)",106380842.0,38,SAN FRANCISCO,6075,,,,,,15-Mar-22,False,False,False,True
3194,LICENSED AND CERTIFIED,USE PARENT MATCH,,220000531,OPEN,CA220000019,050228,,1-Jul-66,10-Sep-21,1164609962,Y,Y,1.0,1.0,5/8/21 0:00,,JC,SAN FRANCISCO GENERAL HOSPITAL D/P APH,APH,ACUTE PSYCHIATRIC HOSPITAL,NON-LTC,83,1001 POTRERO AVE,SAN FRANCISCO,94110,3518,,,,(415) 206-8100,480,SAN FRANCISCO,22,SAN FRANCISCO,N,220000019.0,DISTINCT PART,1-Jul-53,220000063.0,"CITY & COUNTY OF SAN FRANCISCO, DEPT. PUBLIC HEALTH",ACTIVE,1-Jul-53,14-Apr-21,13-Apr-22,COUNTY,37.756161,-122.4056655,"(-122.4056655,37.756161)",,38,SAN FRANCISCO,6075,,,,,,15-Mar-22,False,False,False,True
3225,LICENSED AND CERTIFIED,USE PARENT MATCH,,220000815,OPEN,CA220000815,050008,,1-Jul-66,25-Mar-20,1376619031,Y,Y,1.0,1.0,3/28/19 0:00,,JC,CALIFORNIA PACIFIC MEDICAL CENTER - DAVIES CAMPUS HOSPITAL D/P APH,APH,ACUTE PSYCHIATRIC HOSPITAL,NON-LTC,0,601 DUBOCE AVE,SAN FRANCISCO,94117,3389,,,,(415) 565-6003,480,SAN FRANCISCO,22,SAN FRANCISCO,N,220000023.0,DISTINCT PART,23-Feb-05,220000197.0,SUTTER BAY HOSPITALS,ACTIVE,,30-Jan-22,29-Jan-23,NONPROFIT CORP,37.76905359,-122.4346773,"(-122.4346773,37.769053589)",,38,SAN FRANCISCO,6075,,,,,,15-Mar-22,False,False,False,True
3277,LICENSED ONLY,,,220001050,OPEN,CA220001050,,,,,,N,N,,,,,,THE CHILDREN'S HEALTH COUNCIL,PSYCHC,PSYCHOLOGY CLINIC,NON-LTC,0,650 CLARK WAY,PALO ALTO,94304,2300,"WHITLOCK, ROSALIE",INFO@CHCONLINE.ORG,(650) 688-3636,(650) 688-3612,530,SANTA CLARA,7,SAN JOSE,Y,,PARENT,,220000427.0,CHILDREN'S HEALTH COUNCIL INC.,ACTIVE,12-Jan-80,30-May-21,29-May-22,NONPROFIT CORP,37.440315,-122.178492,"(-122.178492,37.440315)",306434097.0,43,SANTA CLARA,6085,,,,,,15-Mar-22,False,False,False,True
3422,LICENSED ONLY,USE PARENT MATCH,,230000352,OPEN,CA230000002,,,,,,Y,Y,,,,,,ENLOE MEDICAL CENTER - COHASSET D/P APH,APH,ACUTE PSYCHIATRIC HOSPITAL,NON-LTC,30,560 COHASSET RD,CHICO,95926,2212,"WILTERMOOD, MIKE",,,(530) 332-7300,30,BUTTE,23,CHICO,N,230000002.0,DISTINCT PART,29-Mar-46,230000027.0,ENLOE MEDICAL CENTER,ACTIVE,29-Mar-46,7-Dec-21,29-Jun-22,NONPROFIT CORP,39.752901,-121.8479445,"(-121.8479445,39.752901)",,4,BUTTE,6007,,,,,,15-Mar-22,False,False,False,True
3620,LICENSED AND CERTIFIED,USE PARENT MATCH,,240000317,OPEN,CA240000082,050089,,1-Jul-66,27-Aug-18,1235290818,Y,Y,1.0,1.0,5/19/18 0:00,,JC,COMMUNITY HOSPITAL OF SAN BERNARDINO D/P APH,APH,ACUTE PSYCHIATRIC HOSPITAL,NON-LTC,74,1805 MEDICAL CENTER DR,SAN BERNARDINO,92411,1217,"BARTON III, RAY",,,(909) 887-6333,460,SAN BERNARDINO,24,SAN BERNARDINO,N,240000082.0,DISTINCT PART,30-Jun-86,240000198.0,SAN BERNARDINO COMMUNITY HOSPITAL,ACTIVE,30-Jun-86,1-Nov-21,31-Oct-22,NONPROFIT CORP,34.13163171,-117.3225026,"(-117.3225026,34.131631713)",,36,SAN BERNARDINO,6071,,,,,,15-Mar-22,False,False,False,True
3624,LICENSED AND CERTIFIED,USE PARENT MATCH,,240000425,OPEN,CA240000046,050272,,1-Jul-66,30-May-19,1043354111,Y,Y,1.0,1.0,6/11/16 0:00,,JC,REDLANDS COMMUNITY HOSPITAL D/P APH,APH,ACUTE PSYCHIATRIC HOSPITAL,NON-LTC,18,350 TERRACINA BLVD,REDLANDS,92373,4850,"DE LANGE, GEORGE",,,(909) 335-5500,460,SAN BERNARDINO,24,SAN BERNARDINO,N,240000046.0,DISTINCT PART,1-Jan-46,240000191.0,REDLANDS COMMUNITY HOSPITAL,ACTIVE,1-Jan-46,1-Nov-21,31-Oct-22,NONPROFIT CORP,34.036506,-117.2051775,"(-117.2051775,34.036506)",,36,SAN BERNARDINO,6071,,,,,,15-Mar-22,False,False,False,True
3625,LICENSED AND CERTIFIED,USE PARENT MATCH,,240000454,OPEN,CA240000100,050245,,1-Jul-66,1-Oct-19,1790781169,Y,Y,1.0,1.0,3/24/17 0:00,,JC,ARROWHEAD REGIONAL MEDICAL CENTER D/P APH,APH,ACUTE PSYCHIATRIC HOSPITAL,NON-LTC,90,400 N PEPPER AVE,COLTON,92324,1801,"JARVIS, CHARLES",,,(909) 580-1000,460,SAN BERNARDINO,24,SAN BERNARDINO,N,240000100.0,DISTINCT PART,1-Jul-53,240000197.0,SAN BERNARDINO COUNTY DBA ARROWHEAD REGIONAL MEDICAL CENTER,ACTIVE,1-Jul-53,1-Feb-22,31-Jan-23,COUNTY,34.07193214,-117.3527728,"(-117.3527728,34.07193214)",,36,SAN BERNARDINO,6071,,,,,,15-Mar-22,False,False,False,True
3630,LICENSED AND CERTIFIED,,,240000578,OPEN,CA240000578,054093,,5-Apr-88,9-Apr-19,1336156470,Y,Y,1.0,1.0,12/21/18 0:00,,JC,LOMA LINDA UNIVERSITY BEHAVIORAL MEDICINE CENTER,APH,ACUTE PSYCHIATRIC HOSPITAL,NON-LTC,89,1710 BARTON RD,REDLANDS,92373,5304,"FIELD, EDWARD",EMORENOBARRAGAN@LLU.EDU,(909) 651-4213,(909) 651-4271,460,SAN BERNARDINO,24,SAN BERNARDINO,Y,,PARENT,,240000281.0,LOMA LINDA UNIVERSITY BEHAVIORAL MEDICINE CENTER,ACTIVE,16-Jan-88,16-Jan-22,15-Jan-23,NONPROFIT CORP,34.049439,-117.214092,"(-117.214092,34.049439)",106364014.0,36,SAN BERNARDINO,6071,,,,,,15-Mar-22,False,False,False,True
3650,LICENSED AND CERTIFIED,,,240000778,OPEN,CA240000778,054111,,13-Feb-90,24-Oct-19,1902825128,Y,Y,1.0,1.0,8/16/19 0:00,,JC,CANYON RIDGE HOSPITAL,APH,ACUTE PSYCHIATRIC HOSPITAL,NON-LTC,157,5353 G ST,CHINO,91710,5249,"BERNIER, STEPHANIE",STEPHANIE.BERNIER@UHSINC.COM,(909) 590-4033,(909) 590-3700,460,SAN BERNARDINO,24,SAN BERNARDINO,Y,,PARENT,,240000357.0,"CANYON RIDGE HOSPITAL, INC.",ACTIVE,11-Jan-90,30-Nov-21,29-Nov-22,PROFIT CORP,34.009074,-117.68805,"(-117.68805,34.009074)",106364050.0,36,SAN BERNARDINO,6071,,,,,,15-Mar-22,False,False,False,True
3865,LICENSED AND CERTIFIED,,,250000048,OPEN,CA250000048,054130,,24-Feb-93,13-Oct-17,1003243577,Y,Y,1.0,1.0,4/9/21 0:00,,JC,PACIFIC GROVE HOSPITAL,APH,ACUTE PSYCHIATRIC HOSPITAL,NON-LTC,68,5900 BROCKTON AVE,RIVERSIDE,92506,1862,"NIAZI, SAAD",SAAD.NIAZI@PACIFICGROVEHOSPITAL.COM,(951) 788-4136,(951) 275-8400,430,RIVERSIDE,25,RIVERSIDE,Y,,PARENT,,250000476.0,"VISTA BEHAVIORAL HOSPITAL, LLC",ACTIVE,18-Dec-92,10-Dec-21,9-Dec-22,LIMITED LIABILITY COMPANY,33.962283,-117.395316,"(-117.395316,33.962283)",106331226.0,33,RIVERSIDE,6065,,,,,,15-Mar-22,False,False,False,True
3913,LICENSED ONLY,,,250000406,OPEN,CA250000406,,,,,,N,N,,,,,,BARBARA SINATRA CHILDREN'S CENTER AT EISENHOWER,PSYCHC,PSYCHOLOGY CLINIC,NON-LTC,0,39000 BOB HOPE DR,RANCHO MIRAGE,92270,3221,"SERFLING, AUBREY",JTHORESEN@EISENHOWERHEALTH.ORG,(760) 340-1851,(760) 340-2336,430,RIVERSIDE,25,RIVERSIDE,Y,,PARENT,,250000253.0,BARBARA SINATRA CHILDREN'S CENTER AT EISENHOWER,ACTIVE,1-Nov-86,1-Nov-21,31-Oct-22,NONPROFIT CORP,33.764652,-116.40555,"(-116.40555,33.764652)",306334009.0,33,RIVERSIDE,6065,,,,,,15-Mar-22,False,False,False,True
3915,LICENSED AND CERTIFIED,USE PARENT MATCH,,250000500,OPEN,250000050,050292,,1-Jul-66,9-Apr-18,1821159195,Y,Y,1.0,1.0,11/11/17 0:00,,JC,RIVERSIDE UNIVERSITY HEALTH SYSTEM - MEDICAL CENTER D/P APH,APH,ACUTE PSYCHIATRIC HOSPITAL,NON-LTC,77,9990 COUNTY FARM RD,RIVERSIDE,92503,3542,"PLATNER, FERN",,,(951) 358-4700,430,RIVERSIDE,25,RIVERSIDE,N,250000050.0,DISTINCT PART,1-Jul-53,250000195.0,COUNTY OF RIVERSIDE,ACTIVE,1-Jul-53,13-Dec-21,31-Mar-22,COUNTY,33.9200671,-117.4580716,"(-117.4580716,33.920067103)",106331314.0,33,RIVERSIDE,6065,,,,,,15-Mar-22,False,False,False,True
3971,LICENSED AND CERTIFIED,USE PARENT MATCH,,250001277,OPEN,250000007,050329,,1-Mar-69,9-Feb-20,1457347239,Y,Y,1.0,1.0,5/3/19 0:00,,JC,CORONA REGIONAL MEDICAL CENTER D/P APH,APH,ACUTE PSYCHIATRIC HOSPITAL,NON-LTC,38,730 MAGNOLIA AVE,CORONA,92879,3117,"GRAY, TRICIA",ALVIN.MUNOZ@UHSINC.COM,(951) 736-7211,(951) 736-7264,430,RIVERSIDE,25,RIVERSIDE,N,250000006.0,DISTINCT PART,15-Jan-65,250000126.0,"UHS-CORONA, INC.",ACTIVE,15-Jan-65,8-Mar-21,7-Mar-22,PROFIT CORP,33.857991,-117.5538195,"(-117.5538195,33.857991)",,33,RIVERSIDE,6065,,,,,,15-Mar-22,False,False,False,True
4154,LICENSED ONLY,,,630004061,OPEN,CA630004061,,,,,,Y,Y,0.0,,,,,DEPARTMENT OF STATE HOSPITALS - COALINGA,APH,ACUTE PSYCHIATRIC HOSPITAL,NON-LTC,50,24511 W JAYNE AVE,COALINGA,93210,9503,"PRICE, BRANDON",CSH_LICENSING@DSH.CA.GOV,(559) 935-4308,(559) 935-4300,90,FRESNO,17,STATE FACILITIES SECTION,Y,,PARENT,,550000061.0,"STATE OF CALIFORNIA, DEPARTMENT OF STATE HOSPITALS",ACTIVE,25-Aug-05,25-Nov-21,24-Nov-22,STATE AGENCY,36.134613,-120.242133,"(-120.242133,36.134613)",106105051.0,10,FRESNO,6019,,,,,,15-Mar-22,False,False,False,True
4328,LICENSED AND CERTIFIED,,,630008921,OPEN,630008921,054145,,1-Oct-07,24-Oct-17,1346334468,Y,Y,1.0,1.0,4/22/17 0:00,,JC,SHARP MESA VISTA HOSPITAL,APH,ACUTE PSYCHIATRIC HOSPITAL,NON-LTC,159,7850 VISTA HILL AVE,SAN DIEGO,92123,2717,"KHALEGHI, TRISHA",TRISHA.KHALEGHI@SHARP.COM,(858) 278-5920,(858) 278-4110,470,SAN DIEGO,10,SAN DIEGO,Y,,PARENT,,550000273.0,SHARP MEMORIAL HOSPITAL,ACTIVE,8-Sep-06,8-Nov-21,7-Nov-22,NONPROFIT CORP,32.795613,-117.155196,"(-117.155196,32.795613)",106370745.0,37,SAN DIEGO,6073,,,,,,15-Mar-22,False,False,False,True
4530,LICENSED ONLY,,,630011176,OPEN,CA630011176,,,,,,N,N,,,,,,ROSE CITY COUNSELING CENTER,PSYCHC,PSYCHOLOGY CLINIC,NON-LTC,0,595 E COLORADO BLVD,PASADENA,91101,2021,"KARBELING, ALAN M",ROSECITYCENTERSTAFF@GMAIL.COM,(626) 793-0255,(626) 793-8609,200,LOS ANGELES,96,LA ICF/DD/CLINICS,Y,,PARENT,,550000788.0,ROSE CITY COUNSELING CENTER,ACTIVE,10-Sep-08,10-Nov-21,9-Nov-22,NONPROFIT CORP,34.146207,-118.1380455,"(-118.1380455,34.146207)",306197162.0,19,LOS ANGELES,6037,,,,,,15-Mar-22,False,False,False,True
4711,LICENSED AND CERTIFIED,,,630011475,OPEN,CA630011475,054147,,24-Jul-09,21-Jul-21,1538338793,Y,Y,1.0,1.0,12/1/16 0:00,,JC,JOYCE EISENBERG KEEFER MEDICAL CENTER,APH,ACUTE PSYCHIATRIC HOSPITAL,NON-LTC,10,7150 TAMPA AVE,RESEDA,91335,3700,"SPRINGER, ILANA",ILANA.SPRINGER@JHA.ORG,(818) 757-4408,(818) 774-3069,200,LOS ANGELES,93,LA ACUTE/ANCILLARY,Y,,PARENT,,550000621.0,GRANCELL VILLAGE OF THE LOS ANGELES JEWISH HOME FOR THE AGING,ACTIVE,2-Oct-07,2-Nov-21,1-Nov-22,NONPROFIT CORP,34.200441,-118.5531345,"(-118.5531345,34.200441)",106196404.0,19,LOS ANGELES,6037,,,,,,15-Mar-22,False,False,False,True
5114,LICENSED AND CERTIFIED,USE PARENT MATCH,,630012186,OPEN,CA93000035,050763,,25-Nov-08,5-Aug-21,1780183335,Y,Y,1.0,1.0,5/15/21 0:00,,JC,L.A. DOWNTOWN MEDICAL CENTER-D/P APH,APH,ACUTE PSYCHIATRIC HOSPITAL,NON-LTC,29,1711 W TEMPLE ST,LOS ANGELES,90026,5421,,,,,200,LOS ANGELES,93,LA ACUTE/ANCILLARY,N,930000035.0,DISTINCT PART,1-Apr-09,930000137.0,"L.A. DOWNTOWN MEDICAL CENTER, LLC",ACTIVE,21-Oct-74,18-Nov-21,17-Nov-22,LIMITED LIABILITY COMPANY,34.068897,-118.263366,"(-118.263366,34.068897)",,19,LOS ANGELES,6037,,,,,,15-Mar-22,False,False,False,True
5493,LICENSED AND CERTIFIED,,,630012880,OPEN,550001413,054151,,12-Feb-14,8-Nov-21,1922378215,Y,Y,1.0,1.0,5/23/18 0:00,,JC,"AURORA BEHAVIORAL HEALTHCARE-SANTA ROSA, LLC",APH,ACUTE PSYCHIATRIC HOSPITAL,NON-LTC,95,1287 FULTON RD,SANTA ROSA,95401,4923,"HICKERSON, CHAD",CHAD.HICKERSON@SIGNATUREHC.COM,(707) 800-7797,(707) 800-7700,590,SONOMA,11,SANTA ROSA,Y,,PARENT,,550001413.0,"AURORA BEHAVIORAL HEALTHCARE - SANTA ROSA, LLC",ACTIVE,15-Nov-10,15-Nov-21,14-Nov-22,LIMITED LIABILITY COMPANY,38.450376,-122.7719925,"(-122.7719925,38.450376)",106494048.0,49,SONOMA,6097,,,,,,15-Mar-22,False,False,False,True
5534,LICENSED ONLY,,,630012941,OPEN,CA630012941,,,,,,N,N,,,,,,MASONIC CENTER FOR YOUTH AND FAMILIES,PSYCHC,PSYCHOLOGY CLINIC,NON-LTC,0,6 FUNSTON AVE,SAN FRANCISCO,94129,1109,"RICH, KIMBERLY",INFORMATION@MCYAF.ORG,(415) 929-3030,(877) 488-6293,480,SAN FRANCISCO,22,SAN FRANCISCO,Y,,PARENT,,550001484.0,MASONIC HOMES OF CALIFORNIA,ACTIVE,9-Feb-11,9-Feb-22,8-Feb-23,NONPROFIT CORP,37.799487,-122.4559665,"(-122.4559665,37.799487)",306384217.0,38,SAN FRANCISCO,6075,,,,,,15-Mar-22,False,False,False,True
5553,LICENSED ONLY,,,630012969,OPEN,CA630012969,,,,,,N,N,0.0,,,,,WELL BABY CENTER,PSYCHC,PSYCHOLOGY CLINIC,NON-LTC,0,12316 VENICE BLVD,LOS ANGELES,90066,3802,"HELFORD, REBEKKA",INFO@WELLBABYCENTER.ORG,424-289-9100,(310) 402-2229,200,LOS ANGELES,96,LA ICF/DD/CLINICS,Y,,PARENT,,550001464.0,INFANT PARENT MENTAL HEALTH FOUNDATION DBA WELL BABY CENTER,ACTIVE,29-Dec-10,29-Dec-20,28-Dec-21,NONPROFIT CORP,34.003845,-118.4327505,"(-118.4327505,34.003845)",306197554.0,19,LOS ANGELES,6037,,,,,,15-Mar-22,False,False,False,True
5564,LICENSED AND CERTIFIED,USE PARENT MATCH,,630012984,OPEN,CA220000017,050007,,1-Jul-66,23-Apr-19,1043670334,Y,Y,1.0,1.0,10/27/11 0:00,,JC,MILLS HEALTH CENTER D/P APH,APH,ACUTE PSYCHIATRIC HOSPITAL,NON-LTC,60,100 S. SAN MATEO DRIVE,SAN MATEO,94401,,,,,,510,SAN MATEO,22,SAN FRANCISCO,N,220000017.0,DISTINCT PART,6-Dec-10,220000037.0,SUTTER BAY HOSPITALS,ACTIVE,,1-Aug-21,31-Jul-22,NONPROFIT CORP,37.565073,-122.326461,"(-122.326461,37.565073)",106414145.0,41,SAN MATEO,6081,,,,,,15-Mar-22,False,False,False,True
6076,LICENSED AND CERTIFIED,USE PARENT MATCH,,630013773,OPEN,CA080000023,053303,,1-Jul-84,19-Feb-20,1710065933,Y,Y,1.0,1.0,11/11/17 0:00,,JC,RADY CHILDREN'S HOSPITAL - SAN DIEGO,APH,ACUTE PSYCHIATRIC HOSPITAL,NON-LTC,24,3020 CHILDRENS WAY,SAN DIEGO,92123,4223,,,,,470,SAN DIEGO,10,SAN DIEGO,N,80000023.0,DISTINCT PART,1-Jul-12,80000028.0,RADY CHILDREN'S HOSPITAL - SAN DIEGO,ACTIVE,18-Aug-54,26-May-21,30-Apr-22,NONPROFIT CORP,32.798322,-117.1520235,"(-117.1520235,32.798322)",106374047.0,37,SAN DIEGO,6073,,,,,,15-Mar-22,False,False,False,True
7752,LICENSED AND CERTIFIED,,,630016368,OPEN,CA630016368,054154,,21-Jun-16,2-Jul-19,1508252149,Y,Y,1.0,1.0,6/21/16 0:00,,JC,SAN JOSE BEHAVIORAL HEALTH,APH,ACUTE PSYCHIATRIC HOSPITAL,NON-LTC,80,455 SILICON VALLEY BOULEVARD,SAN JOSE,95138,1858,"PETERSON, SEAN",JENSLEY@CHP-DOD.COM,(831) 620-0304,(831) 620-0700,530,SANTA CLARA,7,SAN JOSE,Y,,PARENT,,550003449.0,"SJBH, LLC",ACTIVE,31-Mar-16,31-Mar-21,30-Mar-22,LIMITED LIABILITY COMPANY,37.24837109,-121.7725608,"(-121.7725608,37.248371086)",106434032.0,43,SANTA CLARA,6085,,,,,,15-Mar-22,False,False,False,True
7822,LICENSED AND CERTIFIED,USE PARENT MATCH,,630016462,OPEN,93000114,050776,,29-Oct-13,21-Dec-17,1215373626,Y,Y,0.0,15.0,10/29/16 0:00,5/28/20 0:00,DNV GL,COLLEGE MEDICAL CENTER,APH,ACUTE PSYCHIATRIC HOSPITAL,NON-LTC,0,2776 PACIFIC AVE.,LONG BEACH,90806,2613,,,,,200,LOS ANGELES,93,LA ACUTE/ANCILLARY,N,930000114.0,DISTINCT PART,9-Oct-13,930000117.0,"CHLB,LLC",ACTIVE,13-Jun-56,9-Oct-21,8-Oct-22,LIMITED LIABILITY COMPANY,33.80733,-118.193049,"(-118.193049,33.80733)",,19,LOS ANGELES,6037,,,,,,15-Mar-22,False,False,False,True
7932,LICENSED AND CERTIFIED,,,630016595,OPEN,CA630016595,054155,,18-Oct-16,28-Oct-19,1700259165,Y,Y,1.0,1.0,7/18/19 0:00,,JC,BAKERSFIELD BEHAVIORAL HEALTHCARE HOSPITAL. LLC,APH,ACUTE PSYCHIATRIC HOSPITAL,NON-LTC,90,5201 WHITE LANE,BAKERSFIELD,93309,6200,"CHINN, JEFF",JASMINE.GARCIA@BAKERSFIELDBEHAVIORAL.COM,(661) 241-6252,(661) 241-5506,140,KERN,12,BAKERSFIELD,Y,,PARENT,,550003535.0,"BAKERSFIELD BEHAVIORAL HEALTHCARE HOSPITAL, LLC",ACTIVE,1-Jun-16,1-Jun-21,31-May-22,LIMITED LIABILITY COMPANY,35.316756,-119.060631,"(-119.060631,35.316756)",106154044.0,15,KERN,6029,,,,,,15-Mar-22,False,False,False,True
11029,LICENSED ONLY,,,630020345,OPEN,630020345,,,,,,N,N,,,,,,CENTRAL VALLEY INDIAN HEALTH BEHAVIORAL HEALTH SERVICES,PSYCHC,PSYCHOLOGY CLINIC,NON-LTC,0,255 W BULLARD AVE,CLOVIS,93612,,"FOWLER, CHARLES",JRAMSEY@CVIH.ORG,(559) 299-2578,(559) 299-2435,90,FRESNO,4,FRESNO,Y,,PARENT,,550006735.0,"CENTRAL VALLEY INDIAN HEALTH, INC.",ACTIVE,25-Jun-21,25-Dec-21,24-Jun-22,NONPROFIT CORP,36.823239,-119.7144855,"(-119.7144855,36.823239)",,10,FRESNO,6019,,,,,,15-Mar-22,False,False,False,True
11079,LICENSED ONLY,,,630020407,OPEN,CA630020407,,,,,,N,N,,,,,,"SOCIAL ADVOCATES FOR YOUTH, SAN DIEGO, INC.",PSYCHC,PSYCHOLOGY CLINIC,NON-LTC,0,4775 VIEWRIDGE AVE,SAN DIEGO,92123,1641,"VALES, KELLY",KELLY@SAYSANDIEGO.ORG,(585) 565-4178,(858) 565-4148,470,SAN DIEGO,10,SAN DIEGO,Y,,PARENT,,550006067.0,"SOCIAL ADVOCATES FOR YOUTH, SAN DIEGO, INC.",ACTIVE,3-Mar-21,3-Mar-22,2-Mar-23,NONPROFIT CORP,32.825259,-117.1204785,"(-117.1204785,32.825259)",,37,SAN DIEGO,6073,,,,,,15-Mar-22,False,False,False,True
11420,LICENSED ONLY,,,630020794,OPEN,CA630020794,,,,,1811549504,Y,Y,,,,,,"SACRAMENTO BEHAVIORAL HEALTHCARE HOSPITAL, LLC",APH,ACUTE PSYCHIATRIC HOSPITAL,NON-LTC,117,1400 EXPO PKWY,SACRAMENTO,95815,4320,"HICKERSON, CHAD",CHAD.HIKCERSON@SIGNATUREHC.COM,(916) 437-6590,(707) 478-3782,440,SACRAMENTO,3,SACRAMENTO,Y,,PARENT,,550007457.0,"SACRAMENTO BEHAVIORAL HEALTHCARE HOSPITAL, LLC",ACTIVE,17-Dec-21,17-Dec-21,16-Dec-22,LIMITED LIABILITY COMPANY,38.597067,-121.457286,"(-121.457286,38.597067)",,34,SACRAMENTO,6067,,,,,,15-Mar-22,False,False,False,True
12753,LICENSED ONLY,,,630024438,OPEN,,,,,,,,,,,,,,"ALISO RIDGE BEHAVIORAL HEALTH, LLC",APH,ACUTE PSYCHIATRIC HOSPITAL,NON-LTC,119,200 FREEDOM LN,ALISO VIEJO,92656,,"FRANKS, PHILIP",OLIVENE.JAMES-DAVIS@SIGNATUREHC.COM,(248) 905-5096,(248) 839-5380,400,ORANGE,6,ORANGE,Y,,PARENT,,550007782.0,"ALISO RIDGE BEHAVIORAL HEALTH, LLC",ACTIVE,14-Jan-22,14-Jan-22,13-Jan-23,LIMITED LIABILITY COMPANY,33.562926,-117.7279245,"(-117.7279245,33.562926)",,30,ORANGE,6059,,,,,,15-Mar-22,False,False,False,True
12994,LICENSED AND CERTIFIED,,,930000021,OPEN,CA930000021,054032,,1-Jul-66,28-Jul-21,1194758623,Y,Y,1.0,1.0,11/16/19 0:00,,JC,BHC ALHAMBRA HOSPITAL,APH,ACUTE PSYCHIATRIC HOSPITAL,NON-LTC,97,4619 ROSEMEAD BLVD,ROSEMEAD,91770,1478,"MINNICK, MARGARET (PEGGY)",PEGGY.MINNICK@UHSINC.COM,(626) 286-2489,(626) 286-1191,200,LOS ANGELES,93,LA ACUTE/ANCILLARY,Y,,PARENT,,930000006.0,"BHC ALHAMBRA HOSPITAL, INC.",ACTIVE,1-Jan-46,21-Feb-22,20-Feb-23,PROFIT CORP,34.08876,-118.073889,"(-118.073889,34.08876)",106190020.0,19,LOS ANGELES,6037,,,,,,15-Mar-22,False,False,False,True
13032,LICENSED AND CERTIFIED,USE PARENT MATCH,,930000083,OPEN,93000114,050776,,29-Oct-13,21-Dec-17,1215373626,Y,Y,0.0,15.0,10/29/16 0:00,5/28/20 0:00,DNV GL,COLLEGE MEDICAL CENTER SOUTH CAMPUS D/P APH,APH,ACUTE PSYCHIATRIC HOSPITAL,NON-LTC,36,1725 PACIFIC AVE,LONG BEACH,90813,1714,"EINHORN, SAMUEL",,,(562) 599-3551,200,LOS ANGELES,93,LA ACUTE/ANCILLARY,N,930000114.0,DISTINCT PART,24-Feb-05,930000117.0,"CHLB,LLC",ACTIVE,13-Jun-56,9-Oct-21,8-Oct-22,LIMITED LIABILITY COMPANY,33.788475,-118.194129,"(-118.194129,33.788475)",106190477.0,19,LOS ANGELES,6037,,,,,,15-Mar-22,False,False,False,True
13039,LICENSED AND CERTIFIED,USE PARENT MATCH,,930000094,OPEN,93000114,050776,,29-Oct-13,21-Dec-17,1215373626,Y,Y,0.0,15.0,10/29/16 0:00,5/28/20 0:00,DNV GL,COLLEGE MEDICAL CENTER HAWTHORNE CAMPUS,APH,ACUTE PSYCHIATRIC HOSPITAL,NON-LTC,64,13300 HAWTHORNE BLVD,HAWTHORNE,90250,5805,"FURSTMAN, MARC",,,(424) 365-3000,200,LOS ANGELES,93,LA ACUTE/ANCILLARY,N,930000114.0,DISTINCT PART,9-Jul-14,930000117.0,"CHLB,LLC",ACTIVE,13-Jun-56,9-Oct-21,8-Oct-22,LIMITED LIABILITY COMPANY,33.911649,-118.3518675,"(-118.3518675,33.911649)",106190523.0,19,LOS ANGELES,6037,,,,,,15-Mar-22,False,False,False,True
13048,LICENSED AND CERTIFIED,,,930000109,OPEN,CA93000109,054156,,,,,Y,Y,0.0,,,,,MOTION PICTURE & TELEVISION HOSPITAL,APH,ACUTE PSYCHIATRIC HOSPITAL,NON-LTC,12,23388 MULHOLLAND DR,WOODLAND HILLS,91364,2733,"DINHAM, VILMA L",INFO@MPTF.COM,(818) 876-1079,(818) 876-1043,200,LOS ANGELES,93,LA ACUTE/ANCILLARY,Y,,PARENT,,930000109.0,MOTION PICTURE AND TELEVISION FUND,ACTIVE,20-Mar-46,1-Nov-21,31-Oct-22,NONPROFIT CORP,34.156458,-118.6351785,"(-118.6351785,34.156458)",106190552.0,19,LOS ANGELES,6037,,,,,,15-Mar-22,False,False,False,True
13052,LICENSED AND CERTIFIED,USE PARENT MATCH,,930000121,OPEN,CA930000072,050138,,1-Jul-66,9-Nov-18,1821143777,Y,Y,1.0,1.0,7/14/18 0:00,,JC,KAISER FOUNDATION HOSP MENTAL HEALTH CTR D/P APH,APH,ACUTE PSYCHIATRIC HOSPITAL,NON-LTC,68,765 W COLLEGE ST,LOS ANGELES,90012,1181,"SAMARTIN, JOSE",,,(213) 580-7200,200,LOS ANGELES,93,LA ACUTE/ANCILLARY,N,930000072.0,DISTINCT PART,1-May-53,930000077.0,KAISER FOUNDATION HOSPITALS,ACTIVE,1-May-53,1-Nov-21,31-Oct-22,NONPROFIT CORP,34.066206,-118.243395,"(-118.243395,34.066206)",106190646.0,19,LOS ANGELES,6037,,,,,,15-Mar-22,False,False,False,True
13053,LICENSED AND CERTIFIED,,,930000122,OPEN,CA930000122,054069,,27-Jul-79,6-Oct-21,1619934114,Y,Y,1.0,1.0,7/24/21 0:00,,JC,AURORA CHARTER OAK,APH,ACUTE PSYCHIATRIC HOSPITAL,NON-LTC,134,1161 E COVINA BLVD,COVINA,91724,1523,"SMITH, TODD  C",TSMITH@AURORABEHAVIORAL.COM,(626) 859-5292,(626) 966-1632,200,LOS ANGELES,93,LA ACUTE/ANCILLARY,Y,,PARENT,,930000031.0,"AURORA CHARTER OAK - LOS ANGELES, LLC",ACTIVE,1-Jan-46,8-Nov-21,7-Nov-22,LIMITED LIABILITY COMPANY,34.100442,-117.867114,"(-117.867114,34.100442)",106190163.0,19,LOS ANGELES,6037,,,,,,15-Mar-22,False,False,False,True
13061,LICENSED AND CERTIFIED,,,930000137,OPEN,CA930000137,054078,,14-Aug-85,8-Sep-21,1700843216,Y,Y,1.0,1.0,11/16/18 0:00,,JC,AURORA LAS ENCINAS HOSPITAL,APH,ACUTE PSYCHIATRIC HOSPITAL,NON-LTC,118,2900 E DEL MAR BLVD,PASADENA,91107,4375,"ASMUS, TREVOR",TREVOR.ASMUS@AURORABEHAVIORAL.COM,(626) 356-2503,(626) 795-9901,200,LOS ANGELES,93,LA ACUTE/ANCILLARY,Y,,PARENT,,930000087.0,"AURORA LAS ENCINAS, LLC",ACTIVE,1-Jan-46,11-Mar-21,10-Mar-22,LIMITED LIABILITY COMPANY,34.140915,-118.091511,"(-118.091511,34.140915)",106190462.0,19,LOS ANGELES,6037,,,,,,15-Mar-22,False,False,False,True
13064,LICENSED AND CERTIFIED,,,930000146,OPEN,CA930000146,054053,,6-Nov-72,8-Apr-20,1245203447,Y,Y,1.0,1.0,11/2/19 0:00,,JC,DEL AMO HOSPITAL,APH,ACUTE PSYCHIATRIC HOSPITAL,NON-LTC,166,23700 CAMINO DEL SOL,TORRANCE,90505,5017,"HYTRY, STEVEN M",STEVEN.HYTRY@UHSINC.COM,(310) 534-0473,(310) 530-1151,200,LOS ANGELES,93,LA ACUTE/ANCILLARY,Y,,PARENT,,930000045.0,"DEL AMO HOSPITAL, INC.",ACTIVE,,14-Jun-21,13-Jun-22,PROFIT CORP,33.811452,-118.3438305,"(-118.3438305,33.811452)",106190232.0,19,LOS ANGELES,6037,,,,,,15-Mar-22,False,False,False,True
13065,LICENSED AND CERTIFIED,,,930000147,OPEN,CA930000147,054028,,1-Jul-66,4-Nov-21,1720151137,Y,Y,1.0,14.0,8/14/21 0:00,,ACHC,GATEWAYS HOSPITAL AND MENTAL HEALTH CENTER,APH,ACUTE PSYCHIATRIC HOSPITAL,NON-LTC,55,1891 EFFIE ST,LOS ANGELES,90026,1711,"WONG, PHILIP",INFO@GATEWAYSHOSPITAL.ORG,(323) 315-1169,(323) 644-2000,200,LOS ANGELES,93,LA ACUTE/ANCILLARY,Y,,PARENT,,930000058.0,GATEWAYS HOSPITAL AND MENTAL HEALTH CENTER,ACTIVE,2-Jul-74,2-Nov-21,1-Nov-22,NONPROFIT CORP,34.084485,-118.256589,"(-118.256589,34.084485)",106190317.0,19,LOS ANGELES,6037,,,,,,15-Mar-22,False,False,False,True
13067,LICENSED AND CERTIFIED,,,930000153,OPEN,CA930000153,054009,,1-Jul-66,19-Aug-21,1952308363,Y,Y,1.0,1.0,2/22/20 0:00,,JC,RESNICK NEUROPSYCHIATRIC HOSPITAL AT UCLA,APH,ACUTE PSYCHIATRIC HOSPITAL,NON-LTC,74,150 MEDICAL PLAZA,LOS ANGELES,90095,0001,"SPISSO, JOHNESE",CDAVIDSON@MEDNET.UCLA.EDU,(310) 267-2021,(310) 267-9092,200,LOS ANGELES,93,LA ACUTE/ANCILLARY,Y,,PARENT,,930000204.0,REGENTS OF UNIVERSITY OF CALIFORNIA,ACTIVE,1-Nov-57,21-May-21,20-May-22,UC REGENT,34.06536361,-118.4458511,"(-118.4458511,34.065363608)",106190930.0,19,LOS ANGELES,6037,,,,,,15-Mar-22,False,False,False,True
13070,LICENSED AND CERTIFIED,,,930000159,OPEN,CA93000159,054148,,26-Jul-11,18-Jun-18,1396076147,Y,Y,1.0,1.0,11/9/17 0:00,,JC,TARZANA TREATMENT CENTER,APH,ACUTE PSYCHIATRIC HOSPITAL,NON-LTC,60,18646 OXNARD ST,TARZANA,91356,1411,"SENELLA, ALBERT",ASENELLA@TARZANATC.ORG,(818) 996-3051,(818) 654-3815,200,LOS ANGELES,93,LA ACUTE/ANCILLARY,Y,,PARENT,,930000163.0,"TARZANA TREATMENT CENTERS, INC.",ACTIVE,1-Jul-70,17-Nov-21,16-Nov-22,NONPROFIT CORP,34.179471,-118.539765,"(-118.539765,34.179471)",106190782.0,19,LOS ANGELES,6037,,,,,,15-Mar-22,False,False,False,True
13071,LICENSED AND CERTIFIED,USE PARENT MATCH,,930000161,OPEN,CA93000035,050763,,25-Nov-08,5-Aug-21,1780183335,Y,Y,1.0,1.0,5/15/21 0:00,,JC,L.A. DOWNTOWN MEDICAL CENTER - INGLESIDE CAMPUS D/P APH,APH,ACUTE PSYCHIATRIC HOSPITAL,NON-LTC,118,7500 HELLMAN AVE,ROSEMEAD,91770,2216,,,,(626) 288-1160,200,LOS ANGELES,93,LA ACUTE/ANCILLARY,N,930000035.0,DISTINCT PART,21-Oct-74,930000137.0,"L.A. DOWNTOWN MEDICAL CENTER, LLC",ACTIVE,21-Oct-74,18-Nov-21,17-Nov-22,LIMITED LIABILITY COMPANY,34.069338,-118.1057175,"(-118.1057175,34.069338)",106190410.0,19,LOS ANGELES,6037,,,,,,15-Mar-22,False,False,False,True
13077,LICENSED AND CERTIFIED,USE PARENT MATCH,,930000186,OPEN,CA930000064,050135,,19-Jan-76,24-Mar-20,1245224732,Y,Y,1.0,1.0,10/12/19 0:00,,JC,SOUTHERN CALIFORNIA HOSPITAL AT VAN NUYS D/P APH,APH,ACUTE PSYCHIATRIC HOSPITAL,NON-LTC,59,14433 EMELITA ST,VAN NUYS,91401,4213,"ROSENFELD, NINA",,(818) 994-1626,(818) 787-1511,200,LOS ANGELES,93,LA ACUTE/ANCILLARY,N,930000064.0,DISTINCT PART,8-Feb-63,930000066.0,"SOUTHERN CALIFORNIA HEALTHCARE SYSTEM, INC.",ACTIVE,8-Feb-63,25-Feb-22,24-Feb-23,PROFIT CORP,34.176816,-118.447677,"(-118.447677,34.176816)",106190814.0,19,LOS ANGELES,6037,,,,,,15-Mar-22,False,False,False,True
13082,LICENSED AND CERTIFIED,,,930000194,OPEN,CA930000194,054083,,6-May-86,31-Dec-18,1255548483,Y,Y,0.0,,,,,KEDREN COMMUNITY MENTAL HEALTH CENTER,APH,ACUTE PSYCHIATRIC HOSPITAL,NON-LTC,72,4211 AVALON BLVD,LOS ANGELES,90011,5622,"GRIFFITH, JOHN",MSABINO@KEDREN.ORG,(323) 515-7009,(323) 553-1009,200,LOS ANGELES,93,LA ACUTE/ANCILLARY,Y,,PARENT,,930000028.0,"KEDREN COMMUNITY HEALTH CENTER, INC.",ACTIVE,18-Oct-86,6-Dec-20,5-Dec-21,NONPROFIT CORP,34.007211,-118.2654315,"(-118.2654315,34.007211)",106190150.0,19,LOS ANGELES,6037,,,,,,15-Mar-22,False,False,False,True
13083,LICENSED AND CERTIFIED,,,930000196,OPEN,CA930000196,054055,,1-Jul-73,,1225016595,Y,Y,1.0,1.0,9/28/18 0:00,,JC,COLLEGE HOSPITAL,APH,ACUTE PSYCHIATRIC HOSPITAL,NON-LTC,187,10802 COLLEGE PL,CERRITOS,90703,1505,"WITT, STEPHEN",LOUISEF@CHC.LA,(562) 924-6523,(562) 924-9581,200,LOS ANGELES,93,LA ACUTE/ANCILLARY,Y,,PARENT,,930000036.0,COLLEGE HOSPITAL INC.,ACTIVE,14-Apr-74,1-May-21,30-Apr-22,PROFIT CORP,33.884298,-118.1029275,"(-118.1029275,33.884298)",106190184.0,19,LOS ANGELES,6037,,,,,,15-Mar-22,False,False,False,True
13124,LICENSED AND CERTIFIED,USE PARENT MATCH,,930000492,OPEN,CA930000064,050135,,19-Jan-76,24-Mar-20,1245224732,Y,Y,1.0,1.0,10/12/19 0:00,,JC,BROTMAN MEDICAL CENTER D/P APH,APH,ACUTE PSYCHIATRIC HOSPITAL,NON-LTC,103,3828 DELMAS TER,CULVER CITY,90232,2713,"BERNSTEIN, DONALD",,,(310) 836-7000,200,LOS ANGELES,93,LA ACUTE/ANCILLARY,N,930000015.0,DISTINCT PART,1-Jan-46,930000066.0,"SOUTHERN CALIFORNIA HEALTHCARE SYSTEM, INC.",ACTIVE,8-Feb-63,25-Feb-22,24-Feb-23,PROFIT CORP,34.023222,-118.3969305,"(-118.3969305,34.023222)",,19,LOS ANGELES,6037,,,,,,15-Mar-22,False,False,False,True
13128,LICENSED AND CERTIFIED,USE PARENT MATCH,,930000558,OPEN,CA930000558,050104,,1-Jul-66,2-Aug-19,1114547114,Y,Y,1.0,1.0,10/27/18 0:00,,JC,SAINT FRANCIS MEDICAL CENTER D/P APH,APH,ACUTE PSYCHIATRIC HOSPITAL,NON-LTC,40,3630 E IMPERIAL HWY,LYNWOOD,90262,2636,,,,(310) 603-6871,200,LOS ANGELES,93,LA ACUTE/ANCILLARY,N,930000128.0,DISTINCT PART,1-Jan-46,930000157.0,PRIME HEALTHCARE SERVICES - ST. FRANCIS LLC,ACTIVE,1-Jan-46,1-Jan-22,31-Dec-22,LIMITED LIABILITY COMPANY,33.929847,-118.2031065,"(-118.2031065,33.929847)",,19,LOS ANGELES,6037,,,,,,15-Mar-22,False,False,False,True
13135,LICENSED AND CERTIFIED,USE PARENT MATCH,,930000625,OPEN,CA930000144,052045,,1-Sep-04,30-Oct-19,1689984668,Y,Y,1.0,1.0,7/19/19 0:00,,JC,VISTA SPECIALTY HOSPITAL OF SAN GABRIEL VALLEY D/P,APH,ACUTE PSYCHIATRIC HOSPITAL,NON-LTC,4,14148 FRANCISQUITO AVE,BALDWIN PARK,91706,6120,"WICKS, ROLAND",,,(626) 338-1101,200,LOS ANGELES,93,LA ACUTE/ANCILLARY,N,930000144.0,DISTINCT PART,8-Jun-56,930000390.0,"KND DEVELOPMENT 52, L.L.C.",ACTIVE,8-Jun-56,1-Nov-21,31-Oct-22,LIMITED LIABILITY COMPANY,34.062876,-117.967608,"(-117.967608,34.062876)",,19,LOS ANGELES,6037,,,,,,15-Mar-22,False,False,False,True
13136,LICENSED AND CERTIFIED,USE PARENT MATCH,,930000628,OPEN,CA930000111,050116,,1-Jul-66,8-Apr-20,1417089350,Y,Y,1.0,1.0,9/7/19 0:00,,JC,NORTHRIDGE HOSPITAL MEDICAL CENTER D/P APH,APH,ACUTE PSYCHIATRIC HOSPITAL,NON-LTC,40,18300 ROSCOE BLVD,NORTHRIDGE,91325,4105,"ADAMS, DANIEL",,,(818) 885-8500,200,LOS ANGELES,93,LA ACUTE/ANCILLARY,N,930000111.0,DISTINCT PART,7-Oct-56,930000114.0,DIGNITY COMMUNITY CARE,ACTIVE,7-Oct-56,1-Jan-22,31-Dec-22,NONPROFIT CORP,34.219998,-118.5329295,"(-118.5329295,34.219998)",,19,LOS ANGELES,6037,,,,,,15-Mar-22,False,False,False,True
13137,LICENSED AND CERTIFIED,USE PARENT MATCH,,930000630,OPEN,CA930000008,050056,,1-Jul-66,30-Oct-19,1366419517,Y,Y,1.0,1.0,7/13/19 0:00,,JC,ANTELOPE VALLEY HOSPITAL D/P APH,APH,ACUTE PSYCHIATRIC HOSPITAL,NON-LTC,30,1600 W AVENUE J,LANCASTER,93534,2814,"EVANS, JACK",,,(661) 949-5000,200,LOS ANGELES,93,LA ACUTE/ANCILLARY,N,930000008.0,DISTINCT PART,27-Sep-55,930000008.0,ANTELOPE VALLEY HEALTHCARE DISTRICT,ACTIVE,27-Sep-55,24-Dec-21,31-Oct-22,HEALTH CARE DISTRICT,34.68935389,-118.1585617,"(-118.1585617,34.689353892)",,19,LOS ANGELES,6037,,,,,,15-Mar-22,False,False,False,True
13138,LICENSED AND CERTIFIED,USE PARENT MATCH,,930000652,OPEN,CA930000059,050239,,1-Jul-66,24-Jun-19,1831188275,Y,Y,1.0,1.0,2/9/19 0:00,,JC,GLENDALE ADVENTIST MEDICAL CENTER D/P APH,APH,ACUTE PSYCHIATRIC HOSPITAL,NON-LTC,60,1509 WILSON TER,GLENDALE,91206,4007,,,,(818) 409-8000,200,LOS ANGELES,93,LA ACUTE/ANCILLARY,N,930000059.0,DISTINCT PART,1-Jan-46,930000059.0,GLENDALE ADVENTIST MEDICAL CENTER,ACTIVE,1-Jan-46,1-Jun-21,31-May-22,NONPROFIT CORP,34.150779,-118.230615,"(-118.230615,34.150779)",,19,LOS ANGELES,6037,,,,,,15-Mar-22,False,False,False,True
13146,LICENSED AND CERTIFIED,USE PARENT MATCH,,930000689,OPEN,CA930000070,050382,,1-Jul-66,14-Mar-18,1982629440,Y,Y,1.0,1.0,2/17/17 0:00,,JC,"EMANATE HEALTH INTER-COMMUNITY HOSPITAL, D/P APH",APH,ACUTE PSYCHIATRIC HOSPITAL,NON-LTC,30,210 W SAN BERNARDINO RD,COVINA,91723,1515,"CARLBERG, DUANE",,,(626) 331-7331,200,LOS ANGELES,93,LA ACUTE/ANCILLARY,N,930000070.0,DISTINCT PART,16-Dec-62,930000131.0,EMANATE HEALTH MEDICAL CENTER,ACTIVE,16-Dec-62,1-Nov-21,31-Oct-22,PROFIT CORP,34.08804,-117.893412,"(-117.893412,34.08804)",,19,LOS ANGELES,6037,,,,,,15-Mar-22,False,False,False,True
13152,LICENSED AND CERTIFIED,USE PARENT MATCH,,930000782,OPEN,CA930000041,050132,,1-Jul-66,12-Sep-19,1275720377,Y,Y,1.0,1.0,5/9/19 0:00,,JC,SAN GABRIEL VALLEY MEDICAL CENTER D/P APH,APH,ACUTE PSYCHIATRIC HOSPITAL,NON-LTC,42,438 W LAS TUNAS DR,SAN GABRIEL,91776,1216,"NAKAYAMA, MAKOTO",,,(626) 289-5454,200,LOS ANGELES,93,LA ACUTE/ANCILLARY,N,930000041.0,DISTINCT PART,17-Aug-60,930000041.0,AHMC SAN GABRIEL VALLEY MEDICAL CENTER LP,ACTIVE,17-Aug-60,22-Dec-21,21-Dec-22,PARTNERSHIP,34.100802,-118.1058795,"(-118.1058795,34.100802)",,19,LOS ANGELES,6037,,,,,,15-Mar-22,False,False,False,True
13159,LICENSED AND CERTIFIED,USE PARENT MATCH,,930000809,OPEN,CA930000133,050378,,1-Sep-66,7-Oct-21,1861402935,Y,Y,1.0,1.0,4/17/21 0:00,,JC,PACIFICA HOSPITAL OF THE VALLEY D/P APH,APH,ACUTE PSYCHIATRIC HOSPITAL,NON-LTC,38,9449 SAN FERNANDO RD,SUN VALLEY,91352,1421,"MARIANI, ERMANNO",,,(818) 767-3310,200,LOS ANGELES,93,LA ACUTE/ANCILLARY,N,930000133.0,DISTINCT PART,30-Dec-46,930000148.0,PACIFICA OF THE VALLEY CORPORATION,ACTIVE,30-Dec-46,4-Jan-22,16-Jan-22,PROFIT CORP,34.240077,-118.396485,"(-118.396485,34.240077)",,19,LOS ANGELES,6037,,,,,,15-Mar-22,False,False,False,True
13168,LICENSED AND CERTIFIED,USE PARENT MATCH,,930000854,OPEN,CA000000093,050058,,1-Jul-66,16-Apr-20,1477610640,Y,Y,1.0,1.0,10/26/19 0:00,,JC,GLENDALE MEMORIAL HOSPITAL AND HEALTH CTR. D/P APH,APH,ACUTE PSYCHIATRIC HOSPITAL,NON-LTC,49,1420 S CENTRAL AVE,GLENDALE,91204,2508,"SEAVER, ROGER",,,(818) 502-1900,200,LOS ANGELES,93,LA ACUTE/ANCILLARY,N,930000093.0,DISTINCT PART,1-Jan-46,930000099.0,DIGNITY COMMUNITY CARE,ACTIVE,1-Jan-46,1-Jan-22,31-Dec-22,NONPROFIT CORP,34.12840144,-118.2577489,"(-118.2577489,34.128401442)",,19,LOS ANGELES,6037,,,,,,15-Mar-22,False,False,False,True
13171,LICENSED AND CERTIFIED,USE PARENT MATCH,,930000860,OPEN,CA930000191,050103,,1-Jul-66,14-Aug-19,1215927470,Y,Y,1.0,1.0,4/20/19 0:00,,JC,WHITE MEMORIAL MEDICAL CENTER D/P APH,APH,ACUTE PSYCHIATRIC HOSPITAL,NON-LTC,33,1720 E CESAR E CHAVEZ AVE,LOS ANGELES,90033,2414,"CARMEN, ROBERT G",,,(323) 268-5000,200,LOS ANGELES,93,LA ACUTE/ANCILLARY,N,930000191.0,DISTINCT PART,1-Jan-46,930000195.0,WHITE MEMORIAL MEDICAL CENTER,ACTIVE,1-Jan-46,1-Nov-21,31-Oct-22,NONPROFIT CORP,34.050735,-118.216962,"(-118.216962,34.050735)",,19,LOS ANGELES,6037,,,,,,15-Mar-22,False,False,False,True
13174,LICENSED AND CERTIFIED,USE PARENT MATCH,,930000867,OPEN,CA930000054,050158,,1-Aug-76,9-Mar-18,1437322377,Y,Y,1.0,1.0,6/29/17 0:00,,JC,ENCINO HOSPITAL MEDICAL CENTER,APH,ACUTE PSYCHIATRIC HOSPITAL,NON-LTC,13,16237 VENTURA BLVD,ENCINO,91436,2201,"HOPPING, JAMIE",,,(818) 995-5000,200,LOS ANGELES,93,LA ACUTE/ANCILLARY,N,930000054.0,DISTINCT PART,8-Nov-54,930000051.0,"PRIME HEALTHCARE SERVICES-ENCINO, LLC",ACTIVE,8-Nov-54,1-Jun-21,31-May-22,LIMITED LIABILITY COMPANY,34.157448,-118.4870655,"(-118.4870655,34.157448)",,19,LOS ANGELES,6037,,,,,,15-Mar-22,False,False,False,True
13182,LICENSED AND CERTIFIED,USE PARENT MATCH,,930000888,OPEN,CA930000063,050624,,3-Aug-75,16-Aug-21,1780668434,Y,Y,1.0,1.0,4/20/21 0:00,,JC,HENRY MAYO NEWHALL MEMORIAL HOSPITAL D/P APH,APH,ACUTE PSYCHIATRIC HOSPITAL,NON-LTC,23,25727 MCBEAN PKWY,VALENCIA,91355,3704,"WATSON, DUFFY",,,(661) 255-8100,200,LOS ANGELES,93,LA ACUTE/ANCILLARY,N,930000063.0,DISTINCT PART,30-Jul-75,930000206.0,HENRY MAYO NEWHALL MEMORIAL HOSPITAL,ACTIVE,30-Jul-75,30-Nov-21,29-Nov-22,NONPROFIT CORP,34.398918,-118.5526125,"(-118.5526125,34.398918)",,19,LOS ANGELES,6037,,,,,,15-Mar-22,False,False,False,True
13184,LICENSED AND CERTIFIED,USE PARENT MATCH,,930000894,OPEN,CA930000085,050663,,19-Oct-83,16-Apr-20,1922001809,Y,Y,1.0,1.0,8/24/19 0:00,,JC,BELLFLOWER MEDICAL CENTER D/P APH,APH,ACUTE PSYCHIATRIC HOSPITAL,NON-LTC,32,9542 ARTESIA BLVD,BELLFLOWER,90706,6511,"JEFFREY, BRAD",,,(562) 925-8355,200,LOS ANGELES,93,LA ACUTE/ANCILLARY,N,930000017.0,DISTINCT PART,17-Nov-54,930000039.0,"ALTA LOS ANGELES HOSPITALS, INC.",ACTIVE,24-Oct-57,15-Mar-21,14-Mar-22,PROFIT CORP,33.87468014,-118.1296831,"(-118.1296831,33.874680139)",,19,LOS ANGELES,6037,,,,,,15-Mar-22,False,False,False,True
13195,LICENSED AND CERTIFIED,USE PARENT MATCH,,930000931,OPEN,CA930000044,050740,,19-Nov-04,13-Aug-21,1942269725,Y,Y,1.0,1.0,7/7/21 0:00,,JC,MARINA DEL REY HOSPITAL D/P APH,APH,ACUTE PSYCHIATRIC HOSPITAL,NON-LTC,30,4650 LINCOLN BLVD,MARINA DEL REY,90292,6306,"PACKWOOD, STEPHEN",,,(310) 823-8911,200,LOS ANGELES,93,LA ACUTE/ANCILLARY,N,930000044.0,DISTINCT PART,17-Apr-70,930000096.0,"CFHS HOLDINGS, INC.",ACTIVE,17-Apr-70,19-Nov-21,18-Nov-22,NONPROFIT CORP,33.981741,-118.4400315,"(-118.4400315,33.981741)",,19,LOS ANGELES,6037,,,,,,15-Mar-22,False,False,False,True
13202,LICENSED AND CERTIFIED,USE PARENT MATCH,,930001163,OPEN,CA930000157,050078,,1-Jul-66,28-Oct-21,1942247291,Y,Y,1.0,1.0,7/10/21 0:00,,JC,PROVIDENCE LITTLE COMPANY OF MARY MEDICAL CENTER SAN PEDRO,APH,ACUTE PSYCHIATRIC HOSPITAL,NON-LTC,25,1300 W 7TH ST,SAN PEDRO,90732,3505,"OLNEY, GARRY",PLCMSP.REGULATORY@PROVIDENCE.ORG,,(213) 832-3311,200,LOS ANGELES,93,LA ACUTE/ANCILLARY,N,930000157.0,DISTINCT PART,1-Jan-46,930000142.0,PROVIDENCE HEALTH SYSTEM - SOUTHERN CALIFORNIA,ACTIVE,1-Jan-46,20-Dec-21,31-Oct-22,NONPROFIT CORP,33.738201,-118.3036185,"(-118.3036185,33.738201)",,19,LOS ANGELES,6037,,,,,,15-Mar-22,False,False,False,True
13210,LICENSED AND CERTIFIED,USE PARENT MATCH,,930001207,OPEN,CA930000026,050438,,1-Jul-66,16-Aug-21,1407828429,Y,Y,1.0,1.0,4/10/21 0:00,,JC,HUNTINGTON MEMORIAL HOSPITAL D/P APH,APH,ACUTE PSYCHIATRIC HOSPITAL,NON-LTC,41,100 W CALIFORNIA BLVD,PASADENA,91105,3010,"RALPH, STEPHEN",,,(626) 397-5000,200,LOS ANGELES,93,LA ACUTE/ANCILLARY,N,930000026.0,DISTINCT PART,1-Jan-46,930000372.0,"PASADENA HOSPITAL ASSOCIATION, LTD",ACTIVE,1-Jan-46,25-Jan-22,28-Feb-22,NONPROFIT CORP,34.133418,-118.152207,"(-118.152207,34.133418)",,19,LOS ANGELES,6037,,,,,,15-Mar-22,False,False,False,True
13216,LICENSED ONLY,,,930001396,OPEN,930001396,,,,,,Y,Y,,,,,,GLENDORA HOSPITAL,APH,ACUTE PSYCHIATRIC HOSPITAL,NON-LTC,63,150 W ROUTE 66,GLENDORA,91740,6207,"MACKAY, DOUGLAS",PSCARBORO@PRIMEHEALTHCARE.COM,(626) 852-5055,(626) 852-5054,200,LOS ANGELES,93,LA ACUTE/ANCILLARY,Y,,PARENT,,930000060.0,"CHLB,LLC",ACTIVE,12-Jun-58,8-Nov-21,7-Nov-22,LIMITED LIABILITY COMPANY,34.12862393,-117.8661314,"(-117.8661314,34.128623934)",106190328.0,19,LOS ANGELES,6037,,,,,,15-Mar-22,False,False,False,True
13238,LICENSED AND CERTIFIED,USE PARENT MATCH,,930001555,OPEN,CA930000187,050124,,1-Jul-66,1-Sep-21,1033716147,Y,Y,1.0,15.0,12/3/21 0:00,,DNV GL,VERDUGO HILLS HOSPITAL D/P APH,APH,ACUTE PSYCHIATRIC HOSPITAL,NON-LTC,24,1812 VERDUGO BLVD,GLENDALE,91208,1407,"GLOSSY, BERNARD",,,(818) 790-7100,200,LOS ANGELES,93,LA ACUTE/ANCILLARY,N,930000187.0,DISTINCT PART,8-Dec-72,930000173.0,USC VERDUGO HILLS HOSPITAL,ACTIVE,8-Dec-72,29-May-21,28-May-22,NONPROFIT CORP,34.205526,-118.2168,"(-118.2168,34.205526)",,19,LOS ANGELES,6037,,,,,,15-Mar-22,False,False,False,True
13266,LICENSED AND CERTIFIED,USE PARENT MATCH,,930001621,OPEN,CA93000140,050755,,1-Mar-06,18-Dec-17,1750491247,Y,Y,1.0,1.0,9/14/17 0:00,,JC,"SHERMAN OAKS HOSPITAL AND HEALTH CENTER, D/P APH",APH,ACUTE PSYCHIATRIC HOSPITAL,NON-LTC,19,4929 VAN NUYS BLVD,SHERMAN OAKS,91403,1702,"O'ROURKE, KATE",,,(818) 981-7111,200,LOS ANGELES,93,LA ACUTE/ANCILLARY,N,930000140.0,DISTINCT PART,5-Mar-58,930000149.0,"PRIME HEALTHCARE SERVICES - SHERMAN OAKS, LLC",ACTIVE,5-Mar-58,1-Mar-21,28-Feb-22,LIMITED LIABILITY COMPANY,34.160256,-118.4488965,"(-118.4488965,34.160256)",,19,LOS ANGELES,6037,,,,,,15-Mar-22,False,False,False,True
13363,LICENSED AND CERTIFIED,USE PARENT MATCH,,930001800,OPEN,CA930000027,050704,,30-Nov-92,29-Apr-20,1750365375,Y,Y,1.0,1.0,11/16/19 0:00,,JC,MISSION COMMUNITY HOSPITAL-PANORAMA CAMPUS-D/P APH,APH,ACUTE PSYCHIATRIC HOSPITAL,NON-LTC,60,14850 ROSCOE BLVD,PANORAMA CITY,91402,4618,,,,(818) 787-2222,200,LOS ANGELES,93,LA ACUTE/ANCILLARY,N,930000027.0,DISTINCT PART,13-Aug-65,930000101.0,"DEANCO HEALTHCARE, LLC",ACTIVE,13-Aug-65,17-Dec-21,11-Jul-22,LIMITED LIABILITY COMPANY,34.220412,-118.456542,"(-118.456542,34.220412)",,19,LOS ANGELES,6037,,,,,,15-Mar-22,False,False,False,True
13562,LICENSED ONLY,,,960000206,OPEN,CA960000206,,,,,,N,N,,,,,,THE GUIDANCE CENTER,PSYCHC,PSYCHOLOGY CLINIC,NON-LTC,0,1301 PINE AVE,LONG BEACH,90813,3124,"COSTALES, PATRICIA",THICKS@TGCLB.ORG,(562) 490-9759,(562) 595-1159,200,LOS ANGELES,96,LA ICF/DD/CLINICS,Y,,PARENT,,960000140.0,THE GUIDANCE CENTER,ACTIVE,22-Sep-97,22-Nov-21,21-Nov-22,NONPROFIT CORP,33.78323144,-118.1924494,"(-118.1924494,33.783231439)",306197868.0,19,LOS ANGELES,6037,,,,,,15-Mar-22,False,False,False,True
13566,LICENSED ONLY,,,960000226,OPEN,CA960000226,,,,,,N,N,,,,,,THE MAPLE COUNSELING CENTER,PSYCHC,PSYCHOLOGY CLINIC,NON-LTC,0,9107 WILSHIRE BLVD LOWR LEVEL,BEVERLY HILLS,90210,5531,"KAPLAN, MARCY",STEJADA@TMCC.ORG,(310) 247-4910,(310) 271-9999,200,LOS ANGELES,96,LA ICF/DD/CLINICS,Y,,PARENT,,960000209.0,THE MAPLE CENTER,ACTIVE,17-Feb-78,10-Nov-20,9-Nov-21,NONPROFIT CORP,34.067385,-118.39032,"(-118.39032,34.067385)",306191050.0,19,LOS ANGELES,6037,,,,,,15-Mar-22,False,False,False,True
13570,LICENSED ONLY,,,960000239,OPEN,CA960000239,,,,,,N,N,,,,,,WRIGHT INSTITUTE LOS ANGELES CLINIC,PSYCHC,PSYCHOLOGY CLINIC,NON-LTC,0,11845 W. OLYMPIC BLVD.,LOS ANGELES,90064,2709,"GOMES, MICHELE",,(424) 371-5191,(424) 371-5191,200,LOS ANGELES,96,LA ICF/DD/CLINICS,Y,,PARENT,,960000197.0,WRIGHT INSTITUTE LOS ANGELES,ACTIVE,18-Feb-77,15-Apr-21,14-Apr-22,NONPROFIT CORP,34.032906,-118.4517675,"(-118.4517675,34.032906)",306198065.0,19,LOS ANGELES,6037,,,,,,15-Mar-22,False,False,False,True
13786,LICENSED ONLY,,,960002235,OPEN,CA960002235,,,,,,N,N,,,,,,C G JUNG INSTITUTE - KIEFFER E FRANTZ CLINIC,PSYCHC,PSYCHOLOGY CLINIC,NON-LTC,0,10349 W PICO BLVD,LOS ANGELES,90064,2608,"FRANK, STEVEN",CLINIC@JUNGINLA.ORG,(310) 556-2290,(310) 556-1193,200,LOS ANGELES,96,LA ICF/DD/CLINICS,Y,,PARENT,,960001046.0,C G JUNG INSTITUTE OF LOS ANGELES,ACTIVE,12-Nov-97,12-Nov-21,11-Nov-22,NONPROFIT CORP,34.04736,-118.4155785,"(-118.4155785,34.04736)",306194989.0,19,LOS ANGELES,6037,,,,,,15-Mar-22,False,False,False,True
13837,LICENSED ONLY,,,960002487,OPEN,CA960002487,,,,,,N,N,,,,,,1736 FAMILY CRISIS CENTER,PSYCHC,PSYCHOLOGY CLINIC,NON-LTC,0,21707 HAWTHORNE BLVD,TORRANCE,90503,7016,"NELSON, DEBBIE A",DRICHMOND@1736FCC.ORG,(323) 737-3993,(310) 543-9900,200,LOS ANGELES,96,LA ICF/DD/CLINICS,Y,,PARENT,,960001142.0,1736 FAMILY CRISIS CENTER,ACTIVE,,2-Jan-22,1-Jan-23,NONPROFIT CORP,33.830622,-118.353015,"(-118.353015,33.830622)",306196888.0,19,LOS ANGELES,6037,,,,,,15-Mar-22,False,False,False,True
13838,LICENSED ONLY,,,960002488,OPEN,CA960002488,,,,,,N,N,,,,,,1736 FAMILY CRISIS CENTER LOS ANGELES,PSYCHC,PSYCHOLOGY CLINIC,NON-LTC,0,2116 ARLINGTON AVE,LOS ANGELES,90018,1353,"NELSON, DEBBIE  A",DRICHMOND@1736FCC.ORG,(323) 737-3993,(323) 737-3900,200,LOS ANGELES,96,LA ICF/DD/CLINICS,Y,,PARENT,,960001143.0,1736 FAMILY CRISIS CENTER,ACTIVE,,2-Jan-22,1-Jan-23,NONPROFIT CORP,34.037406,-118.317474,"(-118.317474,34.037406)",306196225.0,19,LOS ANGELES,6037,,,,,,15-Mar-22,False,False,False,True
